id;region;year;type;availability_constant;conversion_factor_iip_coke;conversion_factor_iip_heat_high_other;conversion_factor_pri_biomass_stemwood;conversion_factor_pri_coal;conversion_factor_pri_waste_municipal_bio;conversion_factor_sec_elec_ind;conversion_factor_sec_heating_oil;conversion_factor_sec_heavy_fuel_oil;conversion_factor_sec_hydrogen;conversion_factor_sec_lpg;conversion_factor_sec_methane;conversion_factor_iip_heat_proc;conversion_factor_iip_machine_drive;conversion_factor_iip_steam;conversion_factor_iip_ict;conversion_factor_iip_cooling;conversion_factor_sec_heat_district_high_ind;conversion_factor_iip_pump_fans_compression;conversion_factor_iip_lighting;conversion_factor_iip_heat_kiln;conversion_factor_pri_envir_heat;conversion_factor_pri_geoth_heat;conversion_factor_pri_solar_radiation;conversion_factor_exo_other_ind;conversion_factor_iip_electro_chemicals;cost_fix_p;cost_inv_p;cost_fix_e;cost_inv_e;lifetime;cost_var_e;flow_share_max_sec_hydrogen;capacity_p_inst_0;capacity_p_abs_new_max;capacity_e_inst_0;capacity_e_abs_new_max;ef_iip_coke_emi_co2_f_ind;ef_iip_coke_emi_ch4_f_ind;ef_iip_coke_emi_n2o_f_ind;ef_pri_biomass_stemwood_emi_co2_f_ind;ef_pri_biomass_stemwood_emi_ch4_f_ind;ef_pri_biomass_stemwood_emi_n2o_f_ind;ef_pri_coal_emi_co2_f_ind;ef_pri_coal_emi_ch4_f_ind;ef_pri_coal_emi_n2o_f_ind;ef_pri_waste_municipal_bio_emi_co2_f_ind;ef_pri_waste_municipal_bio_emi_ch4_f_ind;ef_pri_waste_municipal_bio_emi_n2o_f_ind;ef_sec_heating_oil_emi_co2_f_ind;ef_sec_heating_oil_emi_ch4_f_ind;ef_sec_heating_oil_emi_n2o_f_ind;ef_sec_heavy_fuel_oil_emi_co2_f_ind;ef_sec_heavy_fuel_oil_emi_ch4_f_ind;ef_sec_heavy_fuel_oil_emi_n2o_f_ind;ef_sec_lpg_emi_co2_f_ind;ef_sec_lpg_emi_ch4_f_ind;ef_sec_lpg_emi_n2o_f_ind;ef_sec_methane_emi_co2_f_ind;ef_sec_methane_emi_ch4_f_ind;ef_sec_methane_emi_n2o_f_ind;bandwidth_type;version;method;source;comment
0;DE;2021;ind_other_cool_abs_1;100;;0.9;;;;0.05;;;;;;;;;;0.76;;;;;0.05;;;;;7.5;300;;;20;;;;0;;;;;;;;;;;;;;;;;;;;;;;;;;;;srd_point_draft;;;
1;DE;2024;ind_other_cool_abs_1;100;;0.9;;;;0.05;;;;;;;;;;0.8;;;;;0.05;;;;;7.5;300;;;20;;;;;;;;;;;;;;;;;;;;;;;;;;;;;;;;srd_point_draft;;;
2;DE;2027;ind_other_cool_abs_1;100;;0.9;;;;0.05;;;;;;;;;;0.842105263;;;;;0.05;;;;;7.5;300;;;20;;;;;;;;;;;;;;;;;;;;;;;;;;;;;;;;srd_point_draft;;;
3;DE;2030;ind_other_cool_abs_1;100;;0.9;;;;0.05;;;;;;;;;;0.863697706;;;;;0.05;;;;;7.5;300;;;20;;;;;;;;;;;;;;;;;;;;;;;;;;;;;;;;srd_point_draft;;;
4;DE;2035;ind_other_cool_abs_1;100;;0.9;;;;0.05;;;;;;;;;;0.863697706;;;;;0.05;;;;;7.5;300;;;20;;;;;;;;;;;;;;;;;;;;;;;;;;;;;;;;srd_point_draft;;;
5;DE;2040;ind_other_cool_abs_1;100;;0.9;;;;0.05;;;;;;;;;;0.863697706;;;;;0.05;;;;;7.5;285;;;20;;;;;;;;;;;;;;;;;;;;;;;;;;;;;;;;srd_point_draft;;;
6;DE;2045;ind_other_cool_abs_1;100;;0.9;;;;0.05;;;;;;;;;;0.863697706;;;;;0.05;;;;;7.5;285;;;20;;;;;;;;;;;;;;;;;;;;;;;;;;;;;;;;srd_point_draft;;;
7;DE;2050;ind_other_cool_abs_1;100;;0.9;;;;0.05;;;;;;;;;;0.863698;;;;;0.05;;;;;7.5;270.75;;;20;;;;;;;;;;;;;;;;;;;;;;;;;;;;;;;;srd_point_draft;;;
8;DE;2060;ind_other_cool_abs_1;100;;0.9;;;;0.05;;;;;;;;;;0.863698;;;;;0.05;;;;;7.5;270.75;;;20;;;;;;;;;;;;;;;;;;;;;;;;;;;;;;;;srd_point_draft;;;
9;DE;2070;ind_other_cool_abs_1;100;;0.9;;;;0.05;;;;;;;;;;0.863698;;;;;0.05;;;;;7.5;270.75;;;20;;;;;;;;;;;;;;;;;;;;;;;;;;;;;;;;srd_point_draft;;;
10;DE;2021;ind_other_cool_abs_heat_pump_large_1;100;;1;;;;;;;;;;;;;;1.15;;;;;;;;;;5;243;;;18;;;;0;;;;;;;;;;;;;;;;;;;;;;;;;;;;srd_point_draft;;;
11;DE;2024;ind_other_cool_abs_heat_pump_large_1;100;;1;;;;;;;;;;;;;;1.15;;;;;;;;;;5;243;;;18;;;;;;;;;;;;;;;;;;;;;;;;;;;;;;;;srd_point_draft;;;
12;DE;2027;ind_other_cool_abs_heat_pump_large_1;100;;1;;;;;;;;;;;;;;1.15;;;;;;;;;;5;243;;;18;;;;;;;;;;;;;;;;;;;;;;;;;;;;;;;;srd_point_draft;;;
13;DE;2030;ind_other_cool_abs_heat_pump_large_1;100;;1;;;;;;;;;;;;;;1.15;;;;;;;;;;5;243;;;18;;;;;;;;;;;;;;;;;;;;;;;;;;;;;;;;srd_point_draft;;;
14;DE;2035;ind_other_cool_abs_heat_pump_large_1;100;;1;;;;;;;;;;;;;;1.15;;;;;;;;;;5;243;;;18;;;;;;;;;;;;;;;;;;;;;;;;;;;;;;;;srd_point_draft;;;
15;DE;2040;ind_other_cool_abs_heat_pump_large_1;100;;1;;;;;;;;;;;;;;1.15;;;;;;;;;;5;243;;;18;;;;;;;;;;;;;;;;;;;;;;;;;;;;;;;;srd_point_draft;;;
16;DE;2045;ind_other_cool_abs_heat_pump_large_1;100;;1;;;;;;;;;;;;;;1.15;;;;;;;;;;5;243;;;18;;;;;;;;;;;;;;;;;;;;;;;;;;;;;;;;srd_point_draft;;;
17;DE;2050;ind_other_cool_abs_heat_pump_large_1;100;;1;;;;;;;;;;;;;;1.15;;;;;;;;;;5;243;;;18;;;;;;;;;;;;;;;;;;;;;;;;;;;;;;;;srd_point_draft;;;
18;DE;2060;ind_other_cool_abs_heat_pump_large_1;100;;1;;;;;;;;;;;;;;1.15;;;;;;;;;;5;243;;;18;;;;;;;;;;;;;;;;;;;;;;;;;;;;;;;;srd_point_draft;;;
19;DE;2070;ind_other_cool_abs_heat_pump_large_1;100;;1;;;;;;;;;;;;;;1.15;;;;;;;;;;5;243;;;18;;;;;;;;;;;;;;;;;;;;;;;;;;;;;;;;srd_point_draft;;;
20;DE;2021;ind_other_cool_abs_heat_pump_solar_large_1;100;;;;;;0.45;;;;;;;;;;0.9;;;;;;;0.55;;;10;1050;;;18;;;;0;;;;;;;;;;;;;;;;;;;;;;;;;;;;srd_point_draft;;;
21;DE;2024;ind_other_cool_abs_heat_pump_solar_large_1;100;;;;;;0.45;;;;;;;;;;0.9;;;;;;;0.55;;;10;1050;;;18;;;;;;;;;;;;;;;;;;;;;;;;;;;;;;;;srd_point_draft;;;
22;DE;2027;ind_other_cool_abs_heat_pump_solar_large_1;100;;;;;;0.45;;;;;;;;;;0.9;;;;;;;0.55;;;10;1050;;;18;;;;;;;;;;;;;;;;;;;;;;;;;;;;;;;;srd_point_draft;;;
23;DE;2030;ind_other_cool_abs_heat_pump_solar_large_1;100;;;;;;0.45;;;;;;;;;;0.9;;;;;;;0.55;;;10;1050;;;18;;;;;;;;;;;;;;;;;;;;;;;;;;;;;;;;srd_point_draft;;;
24;DE;2035;ind_other_cool_abs_heat_pump_solar_large_1;100;;;;;;0.45;;;;;;;;;;0.9;;;;;;;0.55;;;10;1050;;;18;;;;;;;;;;;;;;;;;;;;;;;;;;;;;;;;srd_point_draft;;;
25;DE;2040;ind_other_cool_abs_heat_pump_solar_large_1;100;;;;;;0.45;;;;;;;;;;0.9;;;;;;;0.55;;;10;1050;;;18;;;;;;;;;;;;;;;;;;;;;;;;;;;;;;;;srd_point_draft;;;
26;DE;2045;ind_other_cool_abs_heat_pump_solar_large_1;100;;;;;;0.45;;;;;;;;;;0.9;;;;;;;0.55;;;10;1050;;;18;;;;;;;;;;;;;;;;;;;;;;;;;;;;;;;;srd_point_draft;;;
27;DE;2050;ind_other_cool_abs_heat_pump_solar_large_1;100;;;;;;0.45;;;;;;;;;;0.9;;;;;;;0.55;;;10;1050;;;18;;;;;;;;;;;;;;;;;;;;;;;;;;;;;;;;srd_point_draft;;;
28;DE;2060;ind_other_cool_abs_heat_pump_solar_large_1;100;;;;;;0.45;;;;;;;;;;0.9;;;;;;;0.55;;;10;1050;;;18;;;;;;;;;;;;;;;;;;;;;;;;;;;;;;;;srd_point_draft;;;
29;DE;2070;ind_other_cool_abs_heat_pump_solar_large_1;100;;;;;;0.45;;;;;;;;;;0.9;;;;;;;0.55;;;10;1050;;;18;;;;;;;;;;;;;;;;;;;;;;;;;;;;;;;;srd_point_draft;;;
30;DE;2021;ind_other_cool_elec_0;90;;;;;;1;;;;;;;;;;2.941176471;;;;;;;;;;;;;;20;;;1.409324088;0;;;;;;;;;;;;;;;;;;;;;;;;;;;;srd_point_draft;;;
31;DE;2024;ind_other_cool_elec_0;80;;;;;;1;;;;;;;;;;2.463054187;;;;;;;;;;;;;;20;;;1.186799232;0;;;;;;;;;;;;;;;;;;;;;;;;;;;;srd_point_draft;;;
32;DE;2027;ind_other_cool_elec_0;70;;;;;;1;;;;;;;;;;2.898550725;;;;;;;;;;;;;;20;;;0.964274376;0;;;;;;;;;;;;;;;;;;;;;;;;;;;;srd_point_draft;;;
33;DE;2030;ind_other_cool_elec_0;70;;;;;;1;;;;;;;;;;2.898550725;;;;;;;;;;;;;;20;;;0.74174952;0;;;;;;;;;;;;;;;;;;;;;;;;;;;;srd_point_draft;;;
34;DE;2035;ind_other_cool_elec_0;70;;;;;;1;;;;;;;;;;2.898550725;;;;;;;;;;;;;;20;;;0.37087476;0;;;;;;;;;;;;;;;;;;;;;;;;;;;;srd_point_draft;;;
35;DE;2040;ind_other_cool_elec_0;70;;;;;;1;;;;;;;;;;2.898550725;;;;;;;;;;;;;;20;;;0;0;;;;;;;;;;;;;;;;;;;;;;;;;;;;srd_point_draft;;;
36;DE;2045;ind_other_cool_elec_0;70;;;;;;1;;;;;;;;;;2.898550725;;;;;;;;;;;;;;20;;;0;0;;;;;;;;;;;;;;;;;;;;;;;;;;;;srd_point_draft;;;
37;DE;2050;ind_other_cool_elec_0;70;;;;;;1;;;;;;;;;;2.898550725;;;;;;;;;;;;;;20;;;0;0;;;;;;;;;;;;;;;;;;;;;;;;;;;;srd_point_draft;;;
38;DE;2060;ind_other_cool_elec_0;70;;;;;;1;;;;;;;;;;2.898550725;;;;;;;;;;;;;;20;;;0;0;;;;;;;;;;;;;;;;;;;;;;;;;;;;srd_point_draft;;;
39;DE;2070;ind_other_cool_elec_0;70;;;;;;1;;;;;;;;;;2.898550725;;;;;;;;;;;;;;20;;;0;0;;;;;;;;;;;;;;;;;;;;;;;;;;;;srd_point_draft;;;
40;DE;2021;ind_other_cool_elec_1;100;;;;;;1;;;;;;;;;;4.002252251;;;;;;;;;;5;210;;;20;;;;0;;;;;;;;;;;;;;;;;;;;;;;;;;;;srd_point_draft;;;
41;DE;2024;ind_other_cool_elec_1;100;;;;;;1;;;;;;;;;;4.119668245;;;;;;;;;;5;210;;;20;;;;;;;;;;;;;;;;;;;;;;;;;;;;;;;;srd_point_draft;;;
42;DE;2027;ind_other_cool_elec_1;100;;;;;;1;;;;;;;;;;4.237562187;;;;;;;;;;5;210;;;20;;;;;;;;;;;;;;;;;;;;;;;;;;;;;;;;srd_point_draft;;;
43;DE;2030;ind_other_cool_elec_1;100;;;;;;1;;;;;;;;;;4.367801045;;;;;;;;;;5;210;;;20;;;;;;;;;;;;;;;;;;;;;;;;;;;;;;;;srd_point_draft;;;
44;DE;2035;ind_other_cool_elec_1;100;;;;;;1;;;;;;;;;;4.42379679;;;;;;;;;;5;210;;;20;;;;;;;;;;;;;;;;;;;;;;;;;;;;;;;;srd_point_draft;;;
45;DE;2040;ind_other_cool_elec_1;100;;;;;;1;;;;;;;;;;4.482240435;;;;;;;;;;5;210;;;20;;;;;;;;;;;;;;;;;;;;;;;;;;;;;;;;srd_point_draft;;;
46;DE;2045;ind_other_cool_elec_1;100;;;;;;1;;;;;;;;;;4.482240435;;;;;;;;;;5;210;;;20;;;;;;;;;;;;;;;;;;;;;;;;;;;;;;;;srd_point_draft;;;
47;DE;2050;ind_other_cool_elec_1;100;;;;;;1;;;;;;;;;;4.543296088;;;;;;;;;;5;210;;;20;;;;;;;;;;;;;;;;;;;;;;;;;;;;;;;;srd_point_draft;;;
48;DE;2060;ind_other_cool_elec_1;100;;;;;;1;;;;;;;;;;4.543296088;;;;;;;;;;5;210;;;20;;;;;;;;;;;;;;;;;;;;;;;;;;;;;;;;srd_point_draft;;;
49;DE;2070;ind_other_cool_elec_1;100;;;;;;1;;;;;;;;;;4.543296088;;;;;;;;;;5;210;;;20;;;;;;;;;;;;;;;;;;;;;;;;;;;;;;;;srd_point_draft;;;
50;DE;2027;ind_other_cool_solar_1;100;;;;;;0.1;;;;;;;;;;0.68;;;;;;;0.9;;;10;800;;;20;;;;;;;;;;;;;;;;;;;;;;;;;;;;;;;;srd_point_draft;;;
51;DE;2030;ind_other_cool_solar_1;100;;;;;;0.1;;;;;;;;;;0.715789474;;;;;;;0.9;;;10;800;;;20;;;;;;;;;;;;;;;;;;;;;;;;;;;;;;;;srd_point_draft;;;
52;DE;2035;ind_other_cool_solar_1;100;;;;;;0.1;;;;;;;;;;0.753462604;;;;;;;0.9;;;10;800;;;20;;;;;;;;;;;;;;;;;;;;;;;;;;;;;;;;srd_point_draft;;;
53;DE;2040;ind_other_cool_solar_1;100;;;;;;0.1;;;;;;;;;;0.85;;;;;;;0.9;;;6.5;700;;;20;;;;;;;;;;;;;;;;;;;;;;;;;;;;;;;;srd_point_draft;;;
54;DE;2045;ind_other_cool_solar_1;100;;;;;;0.1;;;;;;;;;;0.9;;;;;;;0.9;;;6.5;700;;;20;;;;;;;;;;;;;;;;;;;;;;;;;;;;;;;;srd_point_draft;;;
55;DE;2050;ind_other_cool_solar_1;100;;;;;;0.1;;;;;;;;;;0.95;;;;;;;0.9;;;6.5;600;;;20;;;;;;;;;;;;;;;;;;;;;;;;;;;;;;;;srd_point_draft;;;
56;DE;2060;ind_other_cool_solar_1;100;;;;;;0.1;;;;;;;;;;0.95;;;;;;;0.9;;;6.5;600;;;20;;;;;;;;;;;;;;;;;;;;;;;;;;;;;;;;srd_point_draft;;;
57;DE;2070;ind_other_cool_solar_1;100;;;;;;0.1;;;;;;;;;;0.95;;;;;;;0.9;;;6.5;600;;;20;;;;;;;;;;;;;;;;;;;;;;;;;;;;;;;;srd_point_draft;;;
58;DE;2021;ind_other_finish_0;100;;;;;;;;;;;;0.287037922;0.489736272;0.089007806;0.063822029;0.004382629;;;0.066013342;;;;;1;;;;;;;;;;;420.6775158;0;;;;;;;;;;;;;;;;;;;;;;;;;;srd_point_draft;;;
59;DE;2024;ind_other_finish_0;100;;;;;;;;;;;;0.287037922;0.489736272;0.089007806;0.063822029;0.004382629;;;0.066013342;;;;;1;;;;;;;;;;;421.5128467;0;;;;;;;;;;;;;;;;;;;;;;;;;;srd_point_draft;;;
60;DE;2027;ind_other_finish_0;100;;;;;;;;;;;;0.287037922;0.489736272;0.089007806;0.063822029;0.004382629;;;0.066013342;;;;;1;;;;;;;;;;;419.1506969;0;;;;;;;;;;;;;;;;;;;;;;;;;;srd_point_draft;;;
61;DE;2030;ind_other_finish_0;100;;;;;;;;;;;;0.287037922;0.489736272;0.089007806;0.063822029;0.004382629;;;0.066013342;;;;;1;;;;;;;;;;;421.3831643;0;;;;;;;;;;;;;;;;;;;;;;;;;;srd_point_draft;;;
62;DE;2035;ind_other_finish_0;100;;;;;;;;;;;;0.287037922;0.489736272;0.089007806;0.063822029;0.004382629;;;0.066013342;;;;;1;;;;;;;;;;;417.4476951;0;;;;;;;;;;;;;;;;;;;;;;;;;;srd_point_draft;;;
63;DE;2040;ind_other_finish_0;100;;;;;;;;;;;;0.287037922;0.489736272;0.089007806;0.063822029;0.004382629;;;0.066013342;;;;;1;;;;;;;;;;;413.5122259;0;;;;;;;;;;;;;;;;;;;;;;;;;;srd_point_draft;;;
64;DE;2045;ind_other_finish_0;100;;;;;;;;;;;;0.287037922;0.489736272;0.089007806;0.063822029;0.004382629;;;0.066013342;;;;;1;;;;;;;;;;;408.8088603;0;;;;;;;;;;;;;;;;;;;;;;;;;;srd_point_draft;;;
65;DE;2050;ind_other_finish_0;100;;;;;;;;;;;;0.287037922;0.489736272;0.089007806;0.063822029;0.004382629;;;0.066013342;;;;;1;;;;;;;;;;;404.8733911;0;;;;;;;;;;;;;;;;;;;;;;;;;;srd_point_draft;;;
66;DE;2060;ind_other_finish_0;100;;;;;;;;;;;;0.287037922;0.489736272;0.089007806;0.063822029;0.004382629;;;0.066013342;;;;;1;;;;;;;;;;;399.5060417;0;;;;;;;;;;;;;;;;;;;;;;;;;;srd_point_draft;;;
67;DE;2070;ind_other_finish_0;100;;;;;;;;;;;;0.287037922;0.489736272;0.089007806;0.063822029;0.004382629;;;0.066013342;;;;;1;;;;;;;;;;;394.1386923;0;;;;;;;;;;;;;;;;;;;;;;;;;;srd_point_draft;;;
68;DE;2021;ind_other_finish_food_0;100;;0.467332509;;;;;;;;;;;0.214585593;;;0.233361832;;0.05618241;0.024384726;0.00415293;;;;1;;;;;;;;;;;156.0463846;0;;;;;;;;;;;;;;;;;;;;;;;;;;srd_point_draft;;;
69;DE;2024;ind_other_finish_food_0;100;;0.320404407;;;;;;;;;;;0.296809834;;;0.276669166;;0.077710211;0.024091707;0.004314674;;;;1;;;;;;;;;;;156.2566234;0;;;;;;;;;;;;;;;;;;;;;;;;;;srd_point_draft;;;
70;DE;2027;ind_other_finish_food_0;100;;0.320404407;;;;;;;;;;;0.296809834;;;0.276669166;;0.077710211;0.024091707;0.004314674;;;;1;;;;;;;;;;;155.3809644;0;;;;;;;;;;;;;;;;;;;;;;;;;;srd_point_draft;;;
71;DE;2030;ind_other_finish_food_0;100;;0.320404407;;;;;;;;;;;0.296809834;;;0.276669166;;0.077710211;0.024091707;0.004314674;;;;1;;;;;;;;;;;147.7689989;0;;;;;;;;;;;;;;;;;;;;;;;;;;srd_point_draft;;;
72;DE;2035;ind_other_finish_food_0;100;;0.320404407;;;;;;;;;;;0.296809834;;;0.276669166;;0.077710211;0.024091707;0.004314674;;;;1;;;;;;;;;;;147.8502154;0;;;;;;;;;;;;;;;;;;;;;;;;;;srd_point_draft;;;
73;DE;2040;ind_other_finish_food_0;100;;0.320404407;;;;;;;;;;;0.296809834;;;0.276669166;;0.077710211;0.024091707;0.004314674;;;;1;;;;;;;;;;;147.6968064;0;;;;;;;;;;;;;;;;;;;;;;;;;;srd_point_draft;;;
74;DE;2045;ind_other_finish_food_0;100;;0.320404407;;;;;;;;;;;0.296809834;;;0.276669166;;0.077710211;0.024091707;0.004314674;;;;1;;;;;;;;;;;147.5524214;0;;;;;;;;;;;;;;;;;;;;;;;;;;srd_point_draft;;;
75;DE;2050;ind_other_finish_food_0;100;;0.320404407;;;;;;;;;;;0.296809834;;;0.276669166;;0.077710211;0.024091707;0.004314674;;;;1;;;;;;;;;;;148.9931111;0;;;;;;;;;;;;;;;;;;;;;;;;;;srd_point_draft;;;
76;DE;2060;ind_other_finish_food_0;100;;0.320404407;;;;;;;;;;;0.296809834;;;0.276669166;;0.077710211;0.024091707;0.004314674;;;;1;;;;;;;;;;;147.0179305;0;;;;;;;;;;;;;;;;;;;;;;;;;;srd_point_draft;;;
77;DE;2070;ind_other_finish_food_0;100;;0.320404407;;;;;;;;;;;0.296809834;;;0.276669166;;0.077710211;0.024091707;0.004314674;;;;1;;;;;;;;;;;145.0427498;0;;;;;;;;;;;;;;;;;;;;;;;;;;srd_point_draft;;;
78;DE;2021;ind_other_heat_proc_bio_0;100;;;1;;;;;;;;;0.8;;;;;;;;;;;;;;;;;;30;;;1.024529823;0;;;;;;global_emission_factors.waste_wood_wood_scraps_industry;0.0018;0.001460838;;;;;;;;;;;;;;;;;;;;srd_point_draft;;;
79;DE;2024;ind_other_heat_proc_bio_0;100;;;1;;;;;;;;;0.8;;;;;;;;;;;;;;;;;;30;;;0.918543979;0;;;;;;global_emission_factors.waste_wood_wood_scraps_industry;0.0018;0.001460838;;;;;;;;;;;;;;;;;;;;srd_point_draft;;;
80;DE;2027;ind_other_heat_proc_bio_0;100;;;1;;;;;;;;;0.8;;;;;;;;;;;;;;;;;;30;;;0.812558135;0;;;;;;global_emission_factors.waste_wood_wood_scraps_industry;0.0018;0.001460838;;;;;;;;;;;;;;;;;;;;srd_point_draft;;;
81;DE;2030;ind_other_heat_proc_bio_0;100;;;1;;;;;;;;;0.8;;;;;;;;;;;;;;;;;;30;;;0.706572292;0;;;;;;global_emission_factors.waste_wood_wood_scraps_industry;0.0018;0.001460838;;;;;;;;;;;;;;;;;;;;srd_point_draft;;;
82;DE;2035;ind_other_heat_proc_bio_0;100;;;1;;;;;;;;;0.8;;;;;;;;;;;;;;;;;;30;;;0.529929219;0;;;;;;global_emission_factors.waste_wood_wood_scraps_industry;0.0018;0.001460838;;;;;;;;;;;;;;;;;;;;srd_point_draft;;;
83;DE;2040;ind_other_heat_proc_bio_0;100;;;1;;;;;;;;;0.8;;;;;;;;;;;;;;;;;;30;;;0.353286146;0;;;;;;global_emission_factors.waste_wood_wood_scraps_industry;0.0018;0.001460838;;;;;;;;;;;;;;;;;;;;srd_point_draft;;;
84;DE;2045;ind_other_heat_proc_bio_0;100;;;1;;;;;;;;;0.8;;;;;;;;;;;;;;;;;;30;;;0.176643073;0;;;;;;global_emission_factors.waste_wood_wood_scraps_industry;0.0018;0.001460838;;;;;;;;;;;;;;;;;;;;srd_point_draft;;;
85;DE;2050;ind_other_heat_proc_bio_0;100;;;1;;;;;;;;;0.8;;;;;;;;;;;;;;;;;;30;;;0;0;;;;;;global_emission_factors.waste_wood_wood_scraps_industry;0.0018;0.001460838;;;;;;;;;;;;;;;;;;;;srd_point_draft;;;
86;DE;2060;ind_other_heat_proc_bio_0;100;;;1;;;;;;;;;0.8;;;;;;;;;;;;;;;;;;30;;;0;0;;;;;;global_emission_factors.waste_wood_wood_scraps_industry;0.0018;0.001460838;;;;;;;;;;;;;;;;;;;;srd_point_draft;;;
87;DE;2070;ind_other_heat_proc_bio_0;100;;;1;;;;;;;;;0.8;;;;;;;;;;;;;;;;;;30;;;0;0;;;;;;global_emission_factors.waste_wood_wood_scraps_industry;0.0018;0.001460838;;;;;;;;;;;;;;;;;;;;srd_point_draft;;;
88;DE;2021;ind_other_heat_proc_bio_1;85;;;1;;;;;;;;;0.849536162;;;;;;;;;;;;;;53.9;825.3333333;;;30;;;;0;;;;;;global_emission_factors.waste_wood_wood_scraps_industry;0.0018;0.001460838;;;;;;;;;;;;;;;;;;;;srd_point_draft;;;
89;DE;2024;ind_other_heat_proc_bio_1;85;;;1;;;;;;;;;0.880426;;;;;;;;;;;;;;53.9;825.3333333;;;30;;;;;;;;;;global_emission_factors.waste_wood_wood_scraps_industry;0.0018;0.001460838;;;;;;;;;;;;;;;;;;;;srd_point_draft;;;
90;DE;2027;ind_other_heat_proc_bio_1;85;;;1;;;;;;;;;0.928588156;;;;;;;;;;;;;;53.9;825.3333333;;;30;;;;;;;;;;global_emission_factors.waste_wood_wood_scraps_industry;0.0018;0.001460838;;;;;;;;;;;;;;;;;;;;srd_point_draft;;;
91;DE;2030;ind_other_heat_proc_bio_1;85;;;1;;;;;;;;;0.962255584;;;;;;;;;;;;;;53.9;825.3333333;;;30;;;;;;;;;;global_emission_factors.waste_wood_wood_scraps_industry;0.0018;0.001460838;;;;;;;;;;;;;;;;;;;;srd_point_draft;;;
92;DE;2035;ind_other_heat_proc_bio_1;85;;;1;;;;;;;;;0.99080382;;;;;;;;;;;;;;53.9;825.3333333;;;30;;;;;;;;;;global_emission_factors.waste_wood_wood_scraps_industry;0.0018;0.001460838;;;;;;;;;;;;;;;;;;;;srd_point_draft;;;
93;DE;2040;ind_other_heat_proc_bio_1;85;;;1;;;;;;;;;0.999494962;;;;;;;;;;;;;;53.9;825.3333333;;;30;;;;;;;;;;global_emission_factors.waste_wood_wood_scraps_industry;0.0018;0.001460838;;;;;;;;;;;;;;;;;;;;srd_point_draft;;;
94;DE;2045;ind_other_heat_proc_bio_1;85;;;1;;;;;;;;;1.042678252;;;;;;;;;;;;;;53.9;825.3333333;;;30;;;;;;;;;;global_emission_factors.waste_wood_wood_scraps_industry;0.0018;0.001460838;;;;;;;;;;;;;;;;;;;;srd_point_draft;;;
95;DE;2050;ind_other_heat_proc_bio_1;85;;;1;;;;;;;;;0.896290789;;;;;;;;;;;;;;53.9;463.6666667;;;30;;;;;;;;;;global_emission_factors.waste_wood_wood_scraps_industry;0.0018;0.001460838;;;;;;;;;;;;;;;;;;;;srd_point_draft;;;
96;DE;2060;ind_other_heat_proc_bio_1;85;;;1;;;;;;;;;0.896290789;;;;;;;;;;;;;;53.9;463.6666667;;;30;;;;;;;;;;global_emission_factors.waste_wood_wood_scraps_industry;0.0018;0.001460838;;;;;;;;;;;;;;;;;;;;srd_point_draft;;;
97;DE;2070;ind_other_heat_proc_bio_1;85;;;1;;;;;;;;;0.896290789;;;;;;;;;;;;;;53.9;463.6666667;;;30;;;;;;;;;;global_emission_factors.waste_wood_wood_scraps_industry;0.0018;0.001460838;;;;;;;;;;;;;;;;;;;;srd_point_draft;;;
98;DE;2021;ind_other_heat_proc_coal_0;100;;;;1;;;;;;;;0.8;;;;;;;;;;;;;;;;;;30;;;;;0.017483444;0;;;;;;;global_emission_factors.raw_hard_coal_power_stations_industry;0.003921759;0.003570558;;;;;;;;;;;;;;;;;srd_point_draft;;;
99;DE;2024;ind_other_heat_proc_coal_0;100;;;;1;;;;;;;;0.8;;;;;;;;;;;;;;;;;;30;;;;;0.015674812;0;;;;;;;global_emission_factors.raw_hard_coal_power_stations_industry;0.003921759;0.003570558;;;;;;;;;;;;;;;;;srd_point_draft;;;
100;DE;2027;ind_other_heat_proc_coal_0;100;;;;1;;;;;;;;0.8;;;;;;;;;;;;;;;;;;30;;;;;0.013866179;0;;;;;;;global_emission_factors.raw_hard_coal_power_stations_industry;0.003921759;0.003570558;;;;;;;;;;;;;;;;;srd_point_draft;;;
101;DE;2030;ind_other_heat_proc_coal_0;100;;;;1;;;;;;;;0.8;;;;;;;;;;;;;;;;;;30;;;;;0.012057547;0;;;;;;;global_emission_factors.raw_hard_coal_power_stations_industry;0.003921759;0.003570558;;;;;;;;;;;;;;;;;srd_point_draft;;;
102;DE;2035;ind_other_heat_proc_coal_0;100;;;;1;;;;;;;;0.8;;;;;;;;;;;;;;;;;;30;;;;;0.009043161;0;;;;;;;global_emission_factors.raw_hard_coal_power_stations_industry;0.003921759;0.003570558;;;;;;;;;;;;;;;;;srd_point_draft;;;
103;DE;2040;ind_other_heat_proc_coal_0;100;;;;1;;;;;;;;0.8;;;;;;;;;;;;;;;;;;30;;;;;0.006028774;0;;;;;;;global_emission_factors.raw_hard_coal_power_stations_industry;0.003921759;0.003570558;;;;;;;;;;;;;;;;;srd_point_draft;;;
104;DE;2045;ind_other_heat_proc_coal_0;100;;;;1;;;;;;;;0.8;;;;;;;;;;;;;;;;;;30;;;;;0.003014387;0;;;;;;;global_emission_factors.raw_hard_coal_power_stations_industry;0.003921759;0.003570558;;;;;;;;;;;;;;;;;srd_point_draft;;;
105;DE;2050;ind_other_heat_proc_coal_0;100;;;;1;;;;;;;;0.8;;;;;;;;;;;;;;;;;;30;;;;;0;0;;;;;;;global_emission_factors.raw_hard_coal_power_stations_industry;0.003921759;0.003570558;;;;;;;;;;;;;;;;;srd_point_draft;;;
106;DE;2060;ind_other_heat_proc_coal_0;100;;;;1;;;;;;;;0.8;;;;;;;;;;;;;;;;;;30;;;;;0;0;;;;;;;global_emission_factors.raw_hard_coal_power_stations_industry;0.003921759;0.003570558;;;;;;;;;;;;;;;;;srd_point_draft;;;
107;DE;2070;ind_other_heat_proc_coal_0;100;;;;1;;;;;;;;0.8;;;;;;;;;;;;;;;;;;30;;;;;0;0;;;;;;;global_emission_factors.raw_hard_coal_power_stations_industry;0.003921759;0.003570558;;;;;;;;;;;;;;;;;srd_point_draft;;;
108;DE;2021;ind_other_heat_proc_coke_0;100;1;;;;;;;;;;;0.8;;;;;;;;;;;;;;;;;;30;;;0.007055954;0;;;global_emission_factors.hard_coal_coke;0.003921759;0.000325312;;;;;;;;;;;;;;;;;;;;;;;srd_point_draft;;;
109;DE;2024;ind_other_heat_proc_coke_0;100;1;;;;;;;;;;;0.8;;;;;;;;;;;;;;;;;;30;;;0.006326027;0;;;global_emission_factors.hard_coal_coke;0.003921759;0.000325312;;;;;;;;;;;;;;;;;;;;;;;srd_point_draft;;;
110;DE;2027;ind_other_heat_proc_coke_0;100;1;;;;;;;;;;;0.8;;;;;;;;;;;;;;;;;;30;;;0.005596101;0;;;global_emission_factors.hard_coal_coke;0.003921759;0.000325312;;;;;;;;;;;;;;;;;;;;;;;srd_point_draft;;;
111;DE;2030;ind_other_heat_proc_coke_0;100;1;;;;;;;;;;;0.8;;;;;;;;;;;;;;;;;;30;;;0.004866175;0;;;global_emission_factors.hard_coal_coke;0.003921759;0.000325312;;;;;;;;;;;;;;;;;;;;;;;srd_point_draft;;;
112;DE;2035;ind_other_heat_proc_coke_0;100;1;;;;;;;;;;;0.8;;;;;;;;;;;;;;;;;;30;;;0.003649631;0;;;global_emission_factors.hard_coal_coke;0.003921759;0.000325312;;;;;;;;;;;;;;;;;;;;;;;srd_point_draft;;;
113;DE;2040;ind_other_heat_proc_coke_0;100;1;;;;;;;;;;;0.8;;;;;;;;;;;;;;;;;;30;;;0.002433087;0;;;global_emission_factors.hard_coal_coke;0.003921759;0.000325312;;;;;;;;;;;;;;;;;;;;;;;srd_point_draft;;;
114;DE;2045;ind_other_heat_proc_coke_0;100;1;;;;;;;;;;;0.8;;;;;;;;;;;;;;;;;;30;;;0.001216544;0;;;global_emission_factors.hard_coal_coke;0.003921759;0.000325312;;;;;;;;;;;;;;;;;;;;;;;srd_point_draft;;;
115;DE;2050;ind_other_heat_proc_coke_0;100;1;;;;;;;;;;;0.8;;;;;;;;;;;;;;;;;;30;;;0;0;;;global_emission_factors.hard_coal_coke;0.003921759;0.000325312;;;;;;;;;;;;;;;;;;;;;;;srd_point_draft;;;
116;DE;2060;ind_other_heat_proc_coke_0;100;1;;;;;;;;;;;0.8;;;;;;;;;;;;;;;;;;30;;;0;0;;;global_emission_factors.hard_coal_coke;0.003921759;0.000325312;;;;;;;;;;;;;;;;;;;;;;;srd_point_draft;;;
117;DE;2070;ind_other_heat_proc_coke_0;100;1;;;;;;;;;;;0.8;;;;;;;;;;;;;;;;;;30;;;0;0;;;global_emission_factors.hard_coal_coke;0.003921759;0.000325312;;;;;;;;;;;;;;;;;;;;;;;srd_point_draft;;;
118;DE;2021;ind_other_heat_proc_elec_1;85;;;;;;1;;;;;;0.919963201;;;;;;;;;;;;;;10;204;;;30;;;;0;;;;;;;;;;;;;;;;;;;;;;;;;;;;srd_point_draft;;;
119;DE;2024;ind_other_heat_proc_elec_1;85;;;;;;1;;;;;;0.988317659;;;;;;;;;;;;;;10;204;;;30;;;;;;;;;;;;;;;;;;;;;;;;;;;;;;;;srd_point_draft;;;
120;DE;2027;ind_other_heat_proc_elec_1;85;;;;;;1;;;;;;1.040302247;;;;;;;;;;;;;;10;204;;;30;;;;;;;;;;;;;;;;;;;;;;;;;;;;;;;;srd_point_draft;;;
121;DE;2030;ind_other_heat_proc_elec_1;85;;;;;;1;;;;;;1.098407387;;;;;;;;;;;;;;10;204;;;30;;;;;;;;;;;;;;;;;;;;;;;;;;;;;;;;srd_point_draft;;;
122;DE;2035;ind_other_heat_proc_elec_1;85;;;;;;1;;;;;;1.129324436;;;;;;;;;;;;;;10;204;;;30;;;;;;;;;;;;;;;;;;;;;;;;;;;;;;;;srd_point_draft;;;
123;DE;2040;ind_other_heat_proc_elec_1;85;;;;;;1;;;;;;1.162032412;;;;;;;;;;;;;;10;204;;;30;;;;;;;;;;;;;;;;;;;;;;;;;;;;;;;;srd_point_draft;;;
124;DE;2045;ind_other_heat_proc_elec_1;85;;;;;;1;;;;;;1.162032412;;;;;;;;;;;;;;10;204;;;30;;;;;;;;;;;;;;;;;;;;;;;;;;;;;;;;srd_point_draft;;;
125;DE;2050;ind_other_heat_proc_elec_1;85;;;;;;1;;;;;;1.234567901;;;;;;;;;;;;;;10;204;;;30;;;;;;;;;;;;;;;;;;;;;;;;;;;;;;;;srd_point_draft;;;
126;DE;2060;ind_other_heat_proc_elec_1;85;;;;;;1;;;;;;1.234567901;;;;;;;;;;;;;;10;204;;;30;;;;;;;;;;;;;;;;;;;;;;;;;;;;;;;;srd_point_draft;;;
127;DE;2070;ind_other_heat_proc_elec_1;85;;;;;;1;;;;;;1.234567901;;;;;;;;;;;;;;10;204;;;30;;;;;;;;;;;;;;;;;;;;;;;;;;;;;;;;srd_point_draft;;;
128;DE;2021;ind_other_heat_proc_gas_0;90;;;;;;;;;1.25;;1.25;1;;;;;;;;;;;;;;;;;;30;;0;2.068058524;0;;;;;;;;;;;;;;;;;;;;;;;;global_emission_factors.natural_gas;0.001202458;0.00057076;;srd_point_draft;;;
129;DE;2024;ind_other_heat_proc_gas_0;80;;;;;;;;;1.25;;1.25;1;;;;;;;;;;;;;;;;;;30;;0;1.854121435;0;;;;;;;;;;;;;;;;;;;;;;;;global_emission_factors.natural_gas;0.001202458;0.00057076;;srd_point_draft;;;
130;DE;2027;ind_other_heat_proc_gas_0;70;;;;;;;;;1.25;;1.25;1;;;;;;;;;;;;;;;;;;30;;0;1.640184346;0;;;;;;;;;;;;;;;;;;;;;;;;global_emission_factors.natural_gas;0.001202458;0.00057076;;srd_point_draft;;;
131;DE;2030;ind_other_heat_proc_gas_0;70;;;;;;;;;1.25;;1.25;1;;;;;;;;;;;;;;;;;;30;;20;1.426247258;0;;;;;;;;;;;;;;;;;;;;;;;;global_emission_factors.natural_gas;0.001202458;0.00057076;;srd_point_draft;;;
132;DE;2035;ind_other_heat_proc_gas_0;70;;;;;;;;;1.25;;1.25;1;;;;;;;;;;;;;;;;;;30;;20;1.069685443;0;;;;;;;;;;;;;;;;;;;;;;;;global_emission_factors.natural_gas;0.001202458;0.00057076;;srd_point_draft;;;
133;DE;2040;ind_other_heat_proc_gas_0;70;;;;;;;;;1.25;;1.25;1;;;;;;;;;;;;;;;;;;30;;20;0.713123629;0;;;;;;;;;;;;;;;;;;;;;;;;global_emission_factors.natural_gas;0.001202458;0.00057076;;srd_point_draft;;;
134;DE;2045;ind_other_heat_proc_gas_0;70;;;;;;;;;1.25;;1.25;1;;;;;;;;;;;;;;;;;;30;;20;0.356561814;0;;;;;;;;;;;;;;;;;;;;;;;;global_emission_factors.natural_gas;0.001202458;0.00057076;;srd_point_draft;;;
135;DE;2050;ind_other_heat_proc_gas_0;70;;;;;;;;;1.25;;1.25;1;;;;;;;;;;;;;;;;;;30;;20;0;0;;;;;;;;;;;;;;;;;;;;;;;;global_emission_factors.natural_gas;0.001202458;0.00057076;;srd_point_draft;;;
136;DE;2060;ind_other_heat_proc_gas_0;70;;;;;;;;;1.25;;1.25;1;;;;;;;;;;;;;;;;;;30;;20;0;0;;;;;;;;;;;;;;;;;;;;;;;;global_emission_factors.natural_gas;0.001202458;0.00057076;;srd_point_draft;;;
137;DE;2070;ind_other_heat_proc_gas_0;70;;;;;;;;;1.25;;1.25;1;;;;;;;;;;;;;;;;;;30;;20;0;0;;;;;;;;;;;;;;;;;;;;;;;;global_emission_factors.natural_gas;0.001202458;0.00057076;;srd_point_draft;;;
138;DE;2021;ind_other_heat_proc_gas_1;85;;;;;;;;;1.25;;1.25;1;;;;;;;;;;;;;;12;339;;;30;;0;;0;;;;;;;;;;;;;;;;;;;;;;;;global_emission_factors.natural_gas;0.001202458;0.00057076;;srd_point_draft;;;
139;DE;2024;ind_other_heat_proc_gas_1;85;;;;;;;;;1.25;;1.25;1;;;;;;;;;;;;;;12;339;;;30;;0;;;;;;;;;;;;;;;;;;;;;;;;;;global_emission_factors.natural_gas;0.001202458;0.00057076;;srd_point_draft;;;
140;DE;2027;ind_other_heat_proc_gas_1;85;;;;;;;;;1.25;;1.25;1;;;;;;;;;;;;;;12;339;;;30;;0;;;;;;;;;;;;;;;;;;;;;;;;;;global_emission_factors.natural_gas;0.001202458;0.00057076;;srd_point_draft;;;
141;DE;2030;ind_other_heat_proc_gas_1;85;;;;;;;;;1.25;;1.25;1;;;;;;;;;;;;;;12;339;;;30;;20;;;;;;;;;;;;;;;;;;;;;;;;;;global_emission_factors.natural_gas;0.001202458;0.00057076;;srd_point_draft;;;
142;DE;2035;ind_other_heat_proc_gas_1;85;;;;;;;;;1.25;;1.25;1;;;;;;;;;;;;;;12;339;;;30;;20;;;;;;;;;;;;;;;;;;;;;;;;;;global_emission_factors.natural_gas;0.001202458;0.00057076;;srd_point_draft;;;
143;DE;2040;ind_other_heat_proc_gas_1;85;;;;;;;;;1.25;;1.25;1;;;;;;;;;;;;;;12;339;;;30;;20;;;;;;;;;;;;;;;;;;;;;;;;;;global_emission_factors.natural_gas;0.001202458;0.00057076;;srd_point_draft;;;
144;DE;2045;ind_other_heat_proc_gas_1;85;;;;;;;;;1.25;;1.25;1;;;;;;;;;;;;;;12;339;;;30;;20;;;;;;;;;;;;;;;;;;;;;;;;;;global_emission_factors.natural_gas;0.001202458;0.00057076;;srd_point_draft;;;
145;DE;2050;ind_other_heat_proc_gas_1;85;;;;;;;;;1.25;;1.25;1;;;;;;;;;;;;;;12;339;;;30;;20;;;;;;;;;;;;;;;;;;;;;;;;;;global_emission_factors.natural_gas;0.001202458;0.00057076;;srd_point_draft;;;
146;DE;2060;ind_other_heat_proc_gas_1;85;;;;;;;;;1.25;;1.25;1;;;;;;;;;;;;;;12;339;;;30;;20;;;;;;;;;;;;;;;;;;;;;;;;;;global_emission_factors.natural_gas;0.001202458;0.00057076;;srd_point_draft;;;
147;DE;2070;ind_other_heat_proc_gas_1;85;;;;;;;;;1.25;;1.25;1;;;;;;;;;;;;;;12;339;;;30;;20;;;;;;;;;;;;;;;;;;;;;;;;;;global_emission_factors.natural_gas;0.001202458;0.00057076;;srd_point_draft;;;
148;DE;2030;ind_other_heat_proc_h2_1;85;;;;;;;;;1;;;0.91;;;;;;;;;;;;;;12.6;339;;;30;;;;;;;;;;;;;;;;;;;;;;;;;;;;;;;;srd_point_draft;;;
149;DE;2035;ind_other_heat_proc_h2_1;85;;;;;;;;;1;;;0.91;;;;;;;;;;;;;;12.6;339;;;30;;;;;;;;;;;;;;;;;;;;;;;;;;;;;;;;srd_point_draft;;;
150;DE;2040;ind_other_heat_proc_h2_1;85;;;;;;;;;1;;;0.91;;;;;;;;;;;;;;12.6;339;;;30;;;;;;;;;;;;;;;;;;;;;;;;;;;;;;;;srd_point_draft;;;
151;DE;2045;ind_other_heat_proc_h2_1;85;;;;;;;;;1;;;0.91;;;;;;;;;;;;;;12.6;339;;;30;;;;;;;;;;;;;;;;;;;;;;;;;;;;;;;;srd_point_draft;;;
152;DE;2050;ind_other_heat_proc_h2_1;85;;;;;;;;;1;;;0.91;;;;;;;;;;;;;;12.6;339;;;30;;;;;;;;;;;;;;;;;;;;;;;;;;;;;;;;srd_point_draft;;;
153;DE;2060;ind_other_heat_proc_h2_1;85;;;;;;;;;1;;;0.91;;;;;;;;;;;;;;12.6;339;;;30;;;;;;;;;;;;;;;;;;;;;;;;;;;;;;;;srd_point_draft;;;
154;DE;2070;ind_other_heat_proc_h2_1;85;;;;;;;;;1;;;0.91;;;;;;;;;;;;;;12.6;339;;;30;;;;;;;;;;;;;;;;;;;;;;;;;;;;;;;;srd_point_draft;;;
155;DE;2021;ind_other_heat_proc_heating_oil_0;90;;;;;;;1;;;;;0.8;;;;;;;;;;;;;;;;;;30;;;0.173531911;0;;;;;;;;;;;;;;;global_emission_factors.light_heating_oil;0.004447404;0.004240345;;;;;;;;;;;srd_point_draft;;;
156;DE;2024;ind_other_heat_proc_heating_oil_0;80;;;;;;;1;;;;;0.8;;;;;;;;;;;;;;;;;;30;;;0.155580334;0;;;;;;;;;;;;;;;global_emission_factors.light_heating_oil;0.004447404;0.004240345;;;;;;;;;;;srd_point_draft;;;
157;DE;2027;ind_other_heat_proc_heating_oil_0;70;;;;;;;1;;;;;0.8;;;;;;;;;;;;;;;;;;30;;;0.137628757;0;;;;;;;;;;;;;;;global_emission_factors.light_heating_oil;0.004447404;0.004240345;;;;;;;;;;;srd_point_draft;;;
158;DE;2030;ind_other_heat_proc_heating_oil_0;70;;;;;;;1;;;;;0.8;;;;;;;;;;;;;;;;;;30;;;0.11967718;0;;;;;;;;;;;;;;;global_emission_factors.light_heating_oil;0.004447404;0.004240345;;;;;;;;;;;srd_point_draft;;;
159;DE;2035;ind_other_heat_proc_heating_oil_0;70;;;;;;;1;;;;;0.8;;;;;;;;;;;;;;;;;;30;;;0.089757885;0;;;;;;;;;;;;;;;global_emission_factors.light_heating_oil;0.004447404;0.004240345;;;;;;;;;;;srd_point_draft;;;
160;DE;2040;ind_other_heat_proc_heating_oil_0;70;;;;;;;1;;;;;0.8;;;;;;;;;;;;;;;;;;30;;;0.05983859;0;;;;;;;;;;;;;;;global_emission_factors.light_heating_oil;0.004447404;0.004240345;;;;;;;;;;;srd_point_draft;;;
161;DE;2045;ind_other_heat_proc_heating_oil_0;70;;;;;;;1;;;;;0.8;;;;;;;;;;;;;;;;;;30;;;0.029919295;0;;;;;;;;;;;;;;;global_emission_factors.light_heating_oil;0.004447404;0.004240345;;;;;;;;;;;srd_point_draft;;;
162;DE;2050;ind_other_heat_proc_heating_oil_0;70;;;;;;;1;;;;;0.8;;;;;;;;;;;;;;;;;;30;;;0;0;;;;;;;;;;;;;;;global_emission_factors.light_heating_oil;0.004447404;0.004240345;;;;;;;;;;;srd_point_draft;;;
163;DE;2060;ind_other_heat_proc_heating_oil_0;70;;;;;;;1;;;;;0.8;;;;;;;;;;;;;;;;;;30;;;0;0;;;;;;;;;;;;;;;global_emission_factors.light_heating_oil;0.004447404;0.004240345;;;;;;;;;;;srd_point_draft;;;
164;DE;2070;ind_other_heat_proc_heating_oil_0;70;;;;;;;1;;;;;0.8;;;;;;;;;;;;;;;;;;30;;;0;0;;;;;;;;;;;;;;;global_emission_factors.light_heating_oil;0.004447404;0.004240345;;;;;;;;;;;srd_point_draft;;;
165;DE;2021;ind_other_heatexchanger_proc_heat_dh_0;100;;;;;;;;;;;;1;;;;;1;;;;;;;;;;;;;30;;;0.268579086;0;;;;;;;;;;;;;;;;;;;;;;;;;;;;srd_point_draft;;;
166;DE;2024;ind_other_heatexchanger_proc_heat_dh_0;100;;;;;;;;;;;;1;;;;;1;;;;;;;;;;;;;30;;;0.240795043;0;;;;;;;;;;;;;;;;;;;;;;;;;;;;srd_point_draft;;;
167;DE;2027;ind_other_heatexchanger_proc_heat_dh_0;100;;;;;;;;;;;;1;;;;;1;;;;;;;;;;;;;30;;;0.213010999;0;;;;;;;;;;;;;;;;;;;;;;;;;;;;srd_point_draft;;;
168;DE;2030;ind_other_heatexchanger_proc_heat_dh_0;100;;;;;;;;;;;;1;;;;;1;;;;;;;;;;;;;30;;;0.185226956;0;;;;;;;;;;;;;;;;;;;;;;;;;;;;srd_point_draft;;;
169;DE;2035;ind_other_heatexchanger_proc_heat_dh_0;100;;;;;;;;;;;;1;;;;;1;;;;;;;;;;;;;30;;;0.138920217;0;;;;;;;;;;;;;;;;;;;;;;;;;;;;srd_point_draft;;;
170;DE;2040;ind_other_heatexchanger_proc_heat_dh_0;100;;;;;;;;;;;;1;;;;;1;;;;;;;;;;;;;30;;;0.092613478;0;;;;;;;;;;;;;;;;;;;;;;;;;;;;srd_point_draft;;;
171;DE;2045;ind_other_heatexchanger_proc_heat_dh_0;100;;;;;;;;;;;;1;;;;;1;;;;;;;;;;;;;30;;;0.046306739;0;;;;;;;;;;;;;;;;;;;;;;;;;;;;srd_point_draft;;;
172;DE;2050;ind_other_heatexchanger_proc_heat_dh_0;100;;;;;;;;;;;;1;;;;;1;;;;;;;;;;;;;30;;;0;0;;;;;;;;;;;;;;;;;;;;;;;;;;;;srd_point_draft;;;
173;DE;2060;ind_other_heatexchanger_proc_heat_dh_0;100;;;;;;;;;;;;1;;;;;1;;;;;;;;;;;;;30;;;0;0;;;;;;;;;;;;;;;;;;;;;;;;;;;;srd_point_draft;;;
174;DE;2070;ind_other_heatexchanger_proc_heat_dh_0;100;;;;;;;;;;;;1;;;;;1;;;;;;;;;;;;;30;;;0;0;;;;;;;;;;;;;;;;;;;;;;;;;;;;srd_point_draft;;;
175;DE;2021;ind_other_heat_proc_lpg_0;90;;;;;;;;;;1;;0.8;;;;;;;;;;;;;;;;;;30;;;0.008455945;0;;;;;;;;;;;;;;;;;;;;;global_emission_factors.lp_gas_energy_related_consumption;0.004447404;0.004240345;;;;;srd_point_draft;;;
176;DE;2024;ind_other_heat_proc_lpg_0;80;;;;;;;;;;1;;0.8;;;;;;;;;;;;;;;;;;30;;;0.007581192;0;;;;;;;;;;;;;;;;;;;;;global_emission_factors.lp_gas_energy_related_consumption;0.004447404;0.004240345;;;;;srd_point_draft;;;
177;DE;2027;ind_other_heat_proc_lpg_0;70;;;;;;;;;;1;;0.8;;;;;;;;;;;;;;;;;;30;;;0.006706439;0;;;;;;;;;;;;;;;;;;;;;global_emission_factors.lp_gas_energy_related_consumption;0.004447404;0.004240345;;;;;srd_point_draft;;;
178;DE;2030;ind_other_heat_proc_lpg_0;70;;;;;;;;;;1;;0.8;;;;;;;;;;;;;;;;;;30;;;0.005831686;0;;;;;;;;;;;;;;;;;;;;;global_emission_factors.lp_gas_energy_related_consumption;0.004447404;0.004240345;;;;;srd_point_draft;;;
179;DE;2035;ind_other_heat_proc_lpg_0;70;;;;;;;;;;1;;0.8;;;;;;;;;;;;;;;;;;30;;;0.004373764;0;;;;;;;;;;;;;;;;;;;;;global_emission_factors.lp_gas_energy_related_consumption;0.004447404;0.004240345;;;;;srd_point_draft;;;
180;DE;2040;ind_other_heat_proc_lpg_0;70;;;;;;;;;;1;;0.8;;;;;;;;;;;;;;;;;;30;;;0.002915843;0;;;;;;;;;;;;;;;;;;;;;global_emission_factors.lp_gas_energy_related_consumption;0.004447404;0.004240345;;;;;srd_point_draft;;;
181;DE;2045;ind_other_heat_proc_lpg_0;70;;;;;;;;;;1;;0.8;;;;;;;;;;;;;;;;;;30;;;0.001457921;0;;;;;;;;;;;;;;;;;;;;;global_emission_factors.lp_gas_energy_related_consumption;0.004447404;0.004240345;;;;;srd_point_draft;;;
182;DE;2050;ind_other_heat_proc_lpg_0;70;;;;;;;;;;1;;0.8;;;;;;;;;;;;;;;;;;30;;;0;0;;;;;;;;;;;;;;;;;;;;;global_emission_factors.lp_gas_energy_related_consumption;0.004447404;0.004240345;;;;;srd_point_draft;;;
183;DE;2060;ind_other_heat_proc_lpg_0;70;;;;;;;;;;1;;0.8;;;;;;;;;;;;;;;;;;30;;;0;0;;;;;;;;;;;;;;;;;;;;;global_emission_factors.lp_gas_energy_related_consumption;0.004447404;0.004240345;;;;;srd_point_draft;;;
184;DE;2070;ind_other_heat_proc_lpg_0;70;;;;;;;;;;1;;0.8;;;;;;;;;;;;;;;;;;30;;;0;0;;;;;;;;;;;;;;;;;;;;;global_emission_factors.lp_gas_energy_related_consumption;0.004447404;0.004240345;;;;;srd_point_draft;;;
185;DE;2030;ind_other_heat_pump_dual_envir_heat_elec_1;80;;0.375;;;;0.4;;;;;;;;;;0.375;;;;;0.6;;;;;15;1900;;;15;;;;;;;;;;;;;;;;;;;;;;;;;;;;;;;;srd_point_draft;;;
186;DE;2035;ind_other_heat_pump_dual_envir_heat_elec_1;80;;0.375;;;;0.4;;;;;;;;;;0.375;;;;;0.6;;;;;15;1900;;;15;;;;;;;;;;;;;;;;;;;;;;;;;;;;;;;;srd_point_draft;;;
187;DE;2040;ind_other_heat_pump_dual_envir_heat_elec_1;80;;0.375;;;;0.4;;;;;;;;;;0.375;;;;;0.6;;;;;15;1900;;;15;;;;;;;;;;;;;;;;;;;;;;;;;;;;;;;;srd_point_draft;;;
188;DE;2045;ind_other_heat_pump_dual_envir_heat_elec_1;80;;0.375;;;;0.4;;;;;;;;;;0.375;;;;;0.6;;;;;15;1900;;;15;;;;;;;;;;;;;;;;;;;;;;;;;;;;;;;;srd_point_draft;;;
189;DE;2050;ind_other_heat_pump_dual_envir_heat_elec_1;80;;0.375;;;;0.4;;;;;;;;;;0.375;;;;;0.6;;;;;15;1900;;;15;;;;;;;;;;;;;;;;;;;;;;;;;;;;;;;;srd_point_draft;;;
190;DE;2060;ind_other_heat_pump_dual_envir_heat_elec_1;80;;0.375;;;;0.4;;;;;;;;;;0.375;;;;;0.6;;;;;15;1900;;;15;;;;;;;;;;;;;;;;;;;;;;;;;;;;;;;;srd_point_draft;;;
191;DE;2070;ind_other_heat_pump_dual_envir_heat_elec_1;80;;0.375;;;;0.4;;;;;;;;;;0.375;;;;;0.6;;;;;15;1900;;;15;;;;;;;;;;;;;;;;;;;;;;;;;;;;;;;;srd_point_draft;;;
192;DE;2030;ind_other_heat_pump_dual_geo_elec_1;80;;0.375;;;;0.3;;;;;;;;;;0.375;;;;;;0.7;;;;25;2500;;;15;;;;;;;;;;;;;;;;;;;;;;;;;;;;;;;;srd_point_draft;;;
193;DE;2035;ind_other_heat_pump_dual_geo_elec_1;80;;0.375;;;;0.3;;;;;;;;;;0.375;;;;;;0.7;;;;25;2500;;;15;;;;;;;;;;;;;;;;;;;;;;;;;;;;;;;;srd_point_draft;;;
194;DE;2040;ind_other_heat_pump_dual_geo_elec_1;80;;0.375;;;;0.3;;;;;;;;;;0.375;;;;;;0.7;;;;25;2500;;;15;;;;;;;;;;;;;;;;;;;;;;;;;;;;;;;;srd_point_draft;;;
195;DE;2045;ind_other_heat_pump_dual_geo_elec_1;80;;0.375;;;;0.3;;;;;;;;;;0.375;;;;;;0.7;;;;25;2500;;;15;;;;;;;;;;;;;;;;;;;;;;;;;;;;;;;;srd_point_draft;;;
196;DE;2050;ind_other_heat_pump_dual_geo_elec_1;80;;0.375;;;;0.3;;;;;;;;;;0.375;;;;;;0.7;;;;25;2500;;;15;;;;;;;;;;;;;;;;;;;;;;;;;;;;;;;;srd_point_draft;;;
197;DE;2060;ind_other_heat_pump_dual_geo_elec_1;80;;0.375;;;;0.3;;;;;;;;;;0.375;;;;;;0.7;;;;25;2500;;;15;;;;;;;;;;;;;;;;;;;;;;;;;;;;;;;;srd_point_draft;;;
198;DE;2070;ind_other_heat_pump_dual_geo_elec_1;80;;0.375;;;;0.3;;;;;;;;;;0.375;;;;;;0.7;;;;25;2500;;;15;;;;;;;;;;;;;;;;;;;;;;;;;;;;;;;;srd_point_draft;;;
199;DE;2021;ind_other_heat_pump_envir_heat_elec_1;80;;0.9;;;;0.4;;;;;;;;;;;;;;;0.6;;;;;10;1400;;;20;;;;0;;;;;;;;;;;;;;;;;;;;;;;;;;;;srd_point_draft;;;
200;DE;2024;ind_other_heat_pump_envir_heat_elec_1;80;;0.9;;;;0.4;;;;;;;;;;;;;;;0.6;;;;;10;1400;;;20;;;;;;;;;;;;;;;;;;;;;;;;;;;;;;;;srd_point_draft;;;
201;DE;2027;ind_other_heat_pump_envir_heat_elec_1;80;;0.9;;;;0.4;;;;;;;;;;;;;;;0.6;;;;;10;1400;;;20;;;;;;;;;;;;;;;;;;;;;;;;;;;;;;;;srd_point_draft;;;
202;DE;2030;ind_other_heat_pump_envir_heat_elec_1;80;;0.9;;;;0.4;;;;;;;;;;;;;;;0.6;;;;;10;1400;;;20;;;;;;;;;;;;;;;;;;;;;;;;;;;;;;;;srd_point_draft;;;
203;DE;2035;ind_other_heat_pump_envir_heat_elec_1;80;;0.9;;;;0.4;;;;;;;;;;;;;;;0.6;;;;;10;1400;;;20;;;;;;;;;;;;;;;;;;;;;;;;;;;;;;;;srd_point_draft;;;
204;DE;2040;ind_other_heat_pump_envir_heat_elec_1;80;;0.9;;;;0.4;;;;;;;;;;;;;;;0.6;;;;;10;1400;;;20;;;;;;;;;;;;;;;;;;;;;;;;;;;;;;;;srd_point_draft;;;
205;DE;2045;ind_other_heat_pump_envir_heat_elec_1;80;;0.9;;;;0.4;;;;;;;;;;;;;;;0.6;;;;;10;1400;;;20;;;;;;;;;;;;;;;;;;;;;;;;;;;;;;;;srd_point_draft;;;
206;DE;2050;ind_other_heat_pump_envir_heat_elec_1;80;;0.9;;;;0.4;;;;;;;;;;;;;;;0.6;;;;;10;1400;;;20;;;;;;;;;;;;;;;;;;;;;;;;;;;;;;;;srd_point_draft;;;
207;DE;2060;ind_other_heat_pump_envir_heat_elec_1;80;;0.9;;;;0.4;;;;;;;;;;;;;;;0.6;;;;;10;1400;;;20;;;;;;;;;;;;;;;;;;;;;;;;;;;;;;;;srd_point_draft;;;
208;DE;2070;ind_other_heat_pump_envir_heat_elec_1;80;;0.9;;;;0.4;;;;;;;;;;;;;;;0.6;;;;;10;1400;;;20;;;;;;;;;;;;;;;;;;;;;;;;;;;;;;;;srd_point_draft;;;
209;DE;2021;ind_other_heat_pump_geo_elec_1;80;;0.9;;;;0.3;;;;;;;;;;;;;;;;0.7;;;;20;1700;;;20;;;;0;;;;;;;;;;;;;;;;;;;;;;;;;;;;srd_point_draft;;;
210;DE;2024;ind_other_heat_pump_geo_elec_1;80;;0.9;;;;0.3;;;;;;;;;;;;;;;;0.7;;;;20;1700;;;20;;;;;;;;;;;;;;;;;;;;;;;;;;;;;;;;srd_point_draft;;;
211;DE;2027;ind_other_heat_pump_geo_elec_1;80;;0.9;;;;0.3;;;;;;;;;;;;;;;;0.7;;;;20;1700;;;20;;;;;;;;;;;;;;;;;;;;;;;;;;;;;;;;srd_point_draft;;;
212;DE;2030;ind_other_heat_pump_geo_elec_1;80;;0.9;;;;0.3;;;;;;;;;;;;;;;;0.7;;;;20;1700;;;20;;;;;;;;;;;;;;;;;;;;;;;;;;;;;;;;srd_point_draft;;;
213;DE;2035;ind_other_heat_pump_geo_elec_1;80;;0.9;;;;0.3;;;;;;;;;;;;;;;;0.7;;;;20;1700;;;20;;;;;;;;;;;;;;;;;;;;;;;;;;;;;;;;srd_point_draft;;;
214;DE;2040;ind_other_heat_pump_geo_elec_1;80;;0.9;;;;0.3;;;;;;;;;;;;;;;;0.7;;;;20;1700;;;20;;;;;;;;;;;;;;;;;;;;;;;;;;;;;;;;srd_point_draft;;;
215;DE;2045;ind_other_heat_pump_geo_elec_1;80;;0.9;;;;0.3;;;;;;;;;;;;;;;;0.7;;;;20;1700;;;20;;;;;;;;;;;;;;;;;;;;;;;;;;;;;;;;srd_point_draft;;;
216;DE;2050;ind_other_heat_pump_geo_elec_1;80;;0.9;;;;0.3;;;;;;;;;;;;;;;;0.7;;;;20;1700;;;20;;;;;;;;;;;;;;;;;;;;;;;;;;;;;;;;srd_point_draft;;;
217;DE;2060;ind_other_heat_pump_geo_elec_1;80;;0.9;;;;0.3;;;;;;;;;;;;;;;;0.7;;;;20;1700;;;20;;;;;;;;;;;;;;;;;;;;;;;;;;;;;;;;srd_point_draft;;;
218;DE;2070;ind_other_heat_pump_geo_elec_1;80;;0.9;;;;0.3;;;;;;;;;;;;;;;;0.7;;;;20;1700;;;20;;;;;;;;;;;;;;;;;;;;;;;;;;;;;;;;srd_point_draft;;;
219;DE;2021;ind_other_ind_boiler_bio_1;60;;0.65;1;;;;;;;;;;;;;;;;;;;;;;;6;320;;;30;0.6;;;0;;;;;;global_emission_factors.waste_wood_wood_scraps_industry;0.0018;0.001460838;;;;;;;;;;;;;;;;;;;;srd_point_draft;;;
220;DE;2024;ind_other_ind_boiler_bio_1;60;;0.65;1;;;;;;;;;;;;;;;;;;;;;;;6;320;;;30;0.6;;;;;;;;;global_emission_factors.waste_wood_wood_scraps_industry;0.0018;0.001460838;;;;;;;;;;;;;;;;;;;;srd_point_draft;;;
221;DE;2027;ind_other_ind_boiler_bio_1;60;;0.65;1;;;;;;;;;;;;;;;;;;;;;;;6;320;;;30;0.6;;;;;;;;;global_emission_factors.waste_wood_wood_scraps_industry;0.0018;0.001460838;;;;;;;;;;;;;;;;;;;;srd_point_draft;;;
222;DE;2030;ind_other_ind_boiler_bio_1;60;;0.65;1;;;;;;;;;;;;;;;;;;;;;;;6;320;;;30;0.6;;;;;;;;;global_emission_factors.waste_wood_wood_scraps_industry;0.0018;0.001460838;;;;;;;;;;;;;;;;;;;;srd_point_draft;;;
223;DE;2035;ind_other_ind_boiler_bio_1;60;;0.65;1;;;;;;;;;;;;;;;;;;;;;;;6;320;;;30;0.6;;;;;;;;;global_emission_factors.waste_wood_wood_scraps_industry;0.0018;0.001460838;;;;;;;;;;;;;;;;;;;;srd_point_draft;;;
224;DE;2040;ind_other_ind_boiler_bio_1;60;;0.65;1;;;;;;;;;;;;;;;;;;;;;;;6;320;;;30;0.6;;;;;;;;;global_emission_factors.waste_wood_wood_scraps_industry;0.0018;0.001460838;;;;;;;;;;;;;;;;;;;;srd_point_draft;;;
225;DE;2045;ind_other_ind_boiler_bio_1;60;;0.65;1;;;;;;;;;;;;;;;;;;;;;;;6;320;;;30;0.6;;;;;;;;;global_emission_factors.waste_wood_wood_scraps_industry;0.0018;0.001460838;;;;;;;;;;;;;;;;;;;;srd_point_draft;;;
226;DE;2050;ind_other_ind_boiler_bio_1;60;;0.65;1;;;;;;;;;;;;;;;;;;;;;;;6;320;;;30;0.6;;;;;;;;;global_emission_factors.waste_wood_wood_scraps_industry;0.0018;0.001460838;;;;;;;;;;;;;;;;;;;;srd_point_draft;;;
227;DE;2060;ind_other_ind_boiler_bio_1;60;;0.65;1;;;;;;;;;;;;;;;;;;;;;;;6;320;;;30;0.6;;;;;;;;;global_emission_factors.waste_wood_wood_scraps_industry;0.0018;0.001460838;;;;;;;;;;;;;;;;;;;;srd_point_draft;;;
228;DE;2070;ind_other_ind_boiler_bio_1;60;;0.65;1;;;;;;;;;;;;;;;;;;;;;;;6;320;;;30;0.6;;;;;;;;;global_emission_factors.waste_wood_wood_scraps_industry;0.0018;0.001460838;;;;;;;;;;;;;;;;;;;;srd_point_draft;;;
229;DE;2021;ind_other_ind_boiler_gas_0;100;;0.82;;;;;;;1;;1;;;;;;;;;;;;;;;;;;;30;;0;1.984797328;0;;;;;;;;;;;;;;;;;;;;;;;;global_emission_factors.natural_gas;0.001202458;0.00057076;;srd_point_draft;;;
230;DE;2024;ind_other_ind_boiler_gas_0;100;;0.82;;;;;;;1;;1;;;;;;;;;;;;;;;;;;;30;;0;1.779473467;0;;;;;;;;;;;;;;;;;;;;;;;;global_emission_factors.natural_gas;0.001202458;0.00057076;;srd_point_draft;;;
231;DE;2027;ind_other_ind_boiler_gas_0;100;;0.82;;;;;;;1;;1;;;;;;;;;;;;;;;;;;;30;;0;1.574149605;0;;;;;;;;;;;;;;;;;;;;;;;;global_emission_factors.natural_gas;0.001202458;0.00057076;;srd_point_draft;;;
232;DE;2030;ind_other_ind_boiler_gas_0;100;;0.82;;;;;;;1;;1;;;;;;;;;;;;;;;;;;;30;;20;1.368825744;0;;;;;;;;;;;;;;;;;;;;;;;;global_emission_factors.natural_gas;0.001202458;0.00057076;;srd_point_draft;;;
233;DE;2035;ind_other_ind_boiler_gas_0;100;;0.82;;;;;;;1;;1;;;;;;;;;;;;;;;;;;;30;;20;1.026619308;0;;;;;;;;;;;;;;;;;;;;;;;;global_emission_factors.natural_gas;0.001202458;0.00057076;;srd_point_draft;;;
234;DE;2040;ind_other_ind_boiler_gas_0;100;;0.82;;;;;;;1;;1;;;;;;;;;;;;;;;;;;;30;;20;0.684412872;0;;;;;;;;;;;;;;;;;;;;;;;;global_emission_factors.natural_gas;0.001202458;0.00057076;;srd_point_draft;;;
235;DE;2045;ind_other_ind_boiler_gas_0;100;;0.82;;;;;;;1;;1;;;;;;;;;;;;;;;;;;;30;;20;0.342206436;0;;;;;;;;;;;;;;;;;;;;;;;;global_emission_factors.natural_gas;0.001202458;0.00057076;;srd_point_draft;;;
236;DE;2050;ind_other_ind_boiler_gas_0;100;;0.82;;;;;;;1;;1;;;;;;;;;;;;;;;;;;;30;;20;0;0;;;;;;;;;;;;;;;;;;;;;;;;global_emission_factors.natural_gas;0.001202458;0.00057076;;srd_point_draft;;;
237;DE;2060;ind_other_ind_boiler_gas_0;100;;0.82;;;;;;;1;;1;;;;;;;;;;;;;;;;;;;30;;20;0;0;;;;;;;;;;;;;;;;;;;;;;;;global_emission_factors.natural_gas;0.001202458;0.00057076;;srd_point_draft;;;
238;DE;2070;ind_other_ind_boiler_gas_0;100;;0.82;;;;;;;1;;1;;;;;;;;;;;;;;;;;;;30;;20;0;0;;;;;;;;;;;;;;;;;;;;;;;;global_emission_factors.natural_gas;0.001202458;0.00057076;;srd_point_draft;;;
239;DE;2021;ind_other_ind_boiler_gas_1;60;;0.85;;;;;;;1;;1;;;;;;;;;;;;;;;2.556459406;92;;;30;0.12782297;0;;0;;;;;;;;;;;;;;;;;;;;;;;;global_emission_factors.natural_gas;0.001202458;0.00057076;;srd_point_draft;;;
240;DE;2024;ind_other_ind_boiler_gas_1;60;;0.85;;;;;;;1;;1;;;;;;;;;;;;;;;2.556459406;92;;;30;0.12782297;0;;;;;;;;;;;;;;;;;;;;;;;;;;global_emission_factors.natural_gas;0.001202458;0.00057076;;srd_point_draft;;;
241;DE;2027;ind_other_ind_boiler_gas_1;60;;0.85;;;;;;;1;;1;;;;;;;;;;;;;;;2.556459406;92;;;30;0.12782297;0;;;;;;;;;;;;;;;;;;;;;;;;;;global_emission_factors.natural_gas;0.001202458;0.00057076;;srd_point_draft;;;
242;DE;2030;ind_other_ind_boiler_gas_1;60;;0.85;;;;;;;1;;1;;;;;;;;;;;;;;;2.556459406;92;;;30;0.12782297;20;;;;;;;;;;;;;;;;;;;;;;;;;;global_emission_factors.natural_gas;0.001202458;0.00057076;;srd_point_draft;;;
243;DE;2035;ind_other_ind_boiler_gas_1;60;;0.85;;;;;;;1;;1;;;;;;;;;;;;;;;2.556459406;92;;;30;0.12782297;20;;;;;;;;;;;;;;;;;;;;;;;;;;global_emission_factors.natural_gas;0.001202458;0.00057076;;srd_point_draft;;;
244;DE;2040;ind_other_ind_boiler_gas_1;60;;0.85;;;;;;;1;;1;;;;;;;;;;;;;;;2.556459406;92;;;30;0.12782297;20;;;;;;;;;;;;;;;;;;;;;;;;;;global_emission_factors.natural_gas;0.001202458;0.00057076;;srd_point_draft;;;
245;DE;2045;ind_other_ind_boiler_gas_1;60;;0.85;;;;;;;1;;1;;;;;;;;;;;;;;;2.556459406;92;;;30;0.12782297;20;;;;;;;;;;;;;;;;;;;;;;;;;;global_emission_factors.natural_gas;0.001202458;0.00057076;;srd_point_draft;;;
246;DE;2050;ind_other_ind_boiler_gas_1;60;;0.85;;;;;;;1;;1;;;;;;;;;;;;;;;2.556459406;92;;;30;0.12782297;20;;;;;;;;;;;;;;;;;;;;;;;;;;global_emission_factors.natural_gas;0.001202458;0.00057076;;srd_point_draft;;;
247;DE;2060;ind_other_ind_boiler_gas_1;60;;0.85;;;;;;;1;;1;;;;;;;;;;;;;;;2.556459406;92;;;30;0.12782297;20;;;;;;;;;;;;;;;;;;;;;;;;;;global_emission_factors.natural_gas;0.001202458;0.00057076;;srd_point_draft;;;
248;DE;2070;ind_other_ind_boiler_gas_1;60;;0.85;;;;;;;1;;1;;;;;;;;;;;;;;;2.556459406;92;;;30;0.12782297;20;;;;;;;;;;;;;;;;;;;;;;;;;;global_emission_factors.natural_gas;0.001202458;0.00057076;;srd_point_draft;;;
249;DE;2021;ind_other_ind_boiler_heating_oil_0;47;;0.8;;;;;1;;;;;;;;;;;;;;;;;;;;;;;30;;;0.249;0;;;;;;;;;;;;;;;global_emission_factors.light_heating_oil;0.004447404;0.004240345;;;;;;;;;;;srd_point_draft;;;
250;DE;2024;ind_other_ind_boiler_heating_oil_0;21;;0.8;;;;;1;;;;;;;;;;;;;;;;;;;;;;;30;;;0.223241379;0;;;;;;;;;;;;;;;global_emission_factors.light_heating_oil;0.004447404;0.004240345;;;;;;;;;;;srd_point_draft;;;
251;DE;2027;ind_other_ind_boiler_heating_oil_0;21;;0.8;;;;;1;;;;;;;;;;;;;;;;;;;;;;;30;;;0.197482759;0;;;;;;;;;;;;;;;global_emission_factors.light_heating_oil;0.004447404;0.004240345;;;;;;;;;;;srd_point_draft;;;
252;DE;2030;ind_other_ind_boiler_heating_oil_0;21;;0.8;;;;;1;;;;;;;;;;;;;;;;;;;;;;;30;;;0.171724138;0;;;;;;;;;;;;;;;global_emission_factors.light_heating_oil;0.004447404;0.004240345;;;;;;;;;;;srd_point_draft;;;
253;DE;2035;ind_other_ind_boiler_heating_oil_0;21;;0.8;;;;;1;;;;;;;;;;;;;;;;;;;;;;;30;;;0.128793103;0;;;;;;;;;;;;;;;global_emission_factors.light_heating_oil;0.004447404;0.004240345;;;;;;;;;;;srd_point_draft;;;
254;DE;2040;ind_other_ind_boiler_heating_oil_0;21;;0.8;;;;;1;;;;;;;;;;;;;;;;;;;;;;;30;;;0.085862069;0;;;;;;;;;;;;;;;global_emission_factors.light_heating_oil;0.004447404;0.004240345;;;;;;;;;;;srd_point_draft;;;
255;DE;2045;ind_other_ind_boiler_heating_oil_0;21;;0.8;;;;;1;;;;;;;;;;;;;;;;;;;;;;;30;;;0.042931034;0;;;;;;;;;;;;;;;global_emission_factors.light_heating_oil;0.004447404;0.004240345;;;;;;;;;;;srd_point_draft;;;
256;DE;2050;ind_other_ind_boiler_heating_oil_0;21;;0.8;;;;;1;;;;;;;;;;;;;;;;;;;;;;;30;;;0;0;;;;;;;;;;;;;;;global_emission_factors.light_heating_oil;0.004447404;0.004240345;;;;;;;;;;;srd_point_draft;;;
257;DE;2060;ind_other_ind_boiler_heating_oil_0;21;;0.8;;;;;1;;;;;;;;;;;;;;;;;;;;;;;30;;;0;0;;;;;;;;;;;;;;;global_emission_factors.light_heating_oil;0.004447404;0.004240345;;;;;;;;;;;srd_point_draft;;;
258;DE;2070;ind_other_ind_boiler_heating_oil_0;21;;0.8;;;;;1;;;;;;;;;;;;;;;;;;;;;;;30;;;0;0;;;;;;;;;;;;;;;global_emission_factors.light_heating_oil;0.004447404;0.004240345;;;;;;;;;;;srd_point_draft;;;
259;DE;2021;ind_other_ind_boiler_waste_1;60;;0.65;;;1;;;;;;;;;;;;;;;;;;;;;6;320;;;30;0.6;;;0;;;;;;;;;;;;global_emission_factors.household_municipal_waste;0.0018;0.001460838;;;;;;;;;;;;;;srd_point_draft;;;
260;DE;2024;ind_other_ind_boiler_waste_1;60;;0.65;;;1;;;;;;;;;;;;;;;;;;;;;6;320;;;30;0.6;;;;;;;;;;;;;;;global_emission_factors.household_municipal_waste;0.0018;0.001460838;;;;;;;;;;;;;;srd_point_draft;;;
261;DE;2027;ind_other_ind_boiler_waste_1;60;;0.65;;;1;;;;;;;;;;;;;;;;;;;;;6;320;;;30;0.6;;;;;;;;;;;;;;;global_emission_factors.household_municipal_waste;0.0018;0.001460838;;;;;;;;;;;;;;srd_point_draft;;;
262;DE;2030;ind_other_ind_boiler_waste_1;60;;0.65;;;1;;;;;;;;;;;;;;;;;;;;;6;320;;;30;0.6;;;;;;;;;;;;;;;global_emission_factors.household_municipal_waste;0.0018;0.001460838;;;;;;;;;;;;;;srd_point_draft;;;
263;DE;2035;ind_other_ind_boiler_waste_1;60;;0.65;;;1;;;;;;;;;;;;;;;;;;;;;6;320;;;30;0.6;;;;;;;;;;;;;;;global_emission_factors.household_municipal_waste;0.0018;0.001460838;;;;;;;;;;;;;;srd_point_draft;;;
264;DE;2040;ind_other_ind_boiler_waste_1;60;;0.65;;;1;;;;;;;;;;;;;;;;;;;;;6;320;;;30;0.6;;;;;;;;;;;;;;;global_emission_factors.household_municipal_waste;0.0018;0.001460838;;;;;;;;;;;;;;srd_point_draft;;;
265;DE;2045;ind_other_ind_boiler_waste_1;60;;0.65;;;1;;;;;;;;;;;;;;;;;;;;;6;320;;;30;0.6;;;;;;;;;;;;;;;global_emission_factors.household_municipal_waste;0.0018;0.001460838;;;;;;;;;;;;;;srd_point_draft;;;
266;DE;2050;ind_other_ind_boiler_waste_1;60;;0.65;;;1;;;;;;;;;;;;;;;;;;;;;6;320;;;30;0.6;;;;;;;;;;;;;;;global_emission_factors.household_municipal_waste;0.0018;0.001460838;;;;;;;;;;;;;;srd_point_draft;;;
267;DE;2060;ind_other_ind_boiler_waste_1;60;;0.65;;;1;;;;;;;;;;;;;;;;;;;;;6;320;;;30;0.6;;;;;;;;;;;;;;;global_emission_factors.household_municipal_waste;0.0018;0.001460838;;;;;;;;;;;;;;srd_point_draft;;;
268;DE;2070;ind_other_ind_boiler_waste_1;60;;0.65;;;1;;;;;;;;;;;;;;;;;;;;;6;320;;;30;0.6;;;;;;;;;;;;;;;global_emission_factors.household_municipal_waste;0.0018;0.001460838;;;;;;;;;;;;;;srd_point_draft;;;
269;DE;2021;ind_other_kiln_elec_1;100;;;;;;1;;;;;;;;;;;;;;0.925;;;;;;;;2;100;30;0.1;;;;;0;;;;;;;;;;;;;;;;;;;;;;;;;;srd_point_draft;;;
270;DE;2024;ind_other_kiln_elec_1;100;;;;;;1;;;;;;;;;;;;;;0.925;;;;;;;;2;100;30;0.1;;;;;;;;;;;;;;;;;;;;;;;;;;;;;;;srd_point_draft;;;
271;DE;2027;ind_other_kiln_elec_1;100;;;;;;1;;;;;;;;;;;;;;0.925;;;;;;;;2;100;30;0.1;;;;;;;;;;;;;;;;;;;;;;;;;;;;;;;srd_point_draft;;;
272;DE;2030;ind_other_kiln_elec_1;100;;;;;;1;;;;;;;;;;;;;;0.925;;;;;;;;2;100;30;0.1;;;;;;;;;;;;;;;;;;;;;;;;;;;;;;;srd_point_draft;;;
273;DE;2035;ind_other_kiln_elec_1;100;;;;;;1;;;;;;;;;;;;;;0.944287063;;;;;;;;2;100;30;0.1;;;;;;;;;;;;;;;;;;;;;;;;;;;;;;;srd_point_draft;;;
274;DE;2040;ind_other_kiln_elec_1;100;;;;;;1;;;;;;;;;;;;;;0.963391137;;;;;;;;2;100;30;0.1;;;;;;;;;;;;;;;;;;;;;;;;;;;;;;;srd_point_draft;;;
275;DE;2045;ind_other_kiln_elec_1;100;;;;;;1;;;;;;;;;;;;;;0.963391137;;;;;;;;2;100;30;0.1;;;;;;;;;;;;;;;;;;;;;;;;;;;;;;;srd_point_draft;;;
276;DE;2050;ind_other_kiln_elec_1;100;;;;;;1;;;;;;;;;;;;;;0.982318271;;;;;;;;2;100;30;0.1;;;;;;;;;;;;;;;;;;;;;;;;;;;;;;;srd_point_draft;;;
277;DE;2060;ind_other_kiln_elec_1;100;;;;;;1;;;;;;;;;;;;;;0.982318271;;;;;;;;2;100;30;0.1;;;;;;;;;;;;;;;;;;;;;;;;;;;;;;;srd_point_draft;;;
278;DE;2070;ind_other_kiln_elec_1;100;;;;;;1;;;;;;;;;;;;;;0.982318271;;;;;;;;2;100;30;0.1;;;;;;;;;;;;;;;;;;;;;;;;;;;;;;;srd_point_draft;;;
279;DE;2021;ind_other_kiln_gas_0;100;;;;;;0.11;;;0.09;;0.09;;;;;;;;;1;;;;;;;;;;30;;0;;;197.3379967;0;;;;;;;;;;;;;;;;;;;;;;global_emission_factors.natural_gas;0.001202458;0.00057076;;srd_point_draft;;;
280;DE;2024;ind_other_kiln_gas_0;100;;;;;;0.11;;;0.09;;0.09;;;;;;;;;1;;;;;;;;;;30;;0;;;176.9237212;0;;;;;;;;;;;;;;;;;;;;;;global_emission_factors.natural_gas;0.001202458;0.00057076;;srd_point_draft;;;
281;DE;2027;ind_other_kiln_gas_0;100;;;;;;0.11;;;0.09;;0.09;;;;;;;;;1;;;;;;;;;;30;;0;;;156.5094457;0;;;;;;;;;;;;;;;;;;;;;;global_emission_factors.natural_gas;0.001202458;0.00057076;;srd_point_draft;;;
282;DE;2030;ind_other_kiln_gas_0;100;;;;;;0.11;;;0.09;;0.09;;;;;;;;;1;;;;;;;;;;30;;20;;;136.0951701;0;;;;;;;;;;;;;;;;;;;;;;global_emission_factors.natural_gas;0.001202458;0.00057076;;srd_point_draft;;;
283;DE;2035;ind_other_kiln_gas_0;100;;;;;;0.11;;;0.09;;0.09;;;;;;;;;1;;;;;;;;;;30;;20;;;102.0713776;0;;;;;;;;;;;;;;;;;;;;;;global_emission_factors.natural_gas;0.001202458;0.00057076;;srd_point_draft;;;
284;DE;2040;ind_other_kiln_gas_0;100;;;;;;0.11;;;0.09;;0.09;;;;;;;;;1;;;;;;;;;;30;;20;;;68.04758507;0;;;;;;;;;;;;;;;;;;;;;;global_emission_factors.natural_gas;0.001202458;0.00057076;;srd_point_draft;;;
285;DE;2045;ind_other_kiln_gas_0;100;;;;;;0.11;;;0.09;;0.09;;;;;;;;;1;;;;;;;;;;30;;20;;;34.02379253;0;;;;;;;;;;;;;;;;;;;;;;global_emission_factors.natural_gas;0.001202458;0.00057076;;srd_point_draft;;;
286;DE;2050;ind_other_kiln_gas_0;100;;;;;;0.11;;;0.09;;0.09;;;;;;;;;1;;;;;;;;;;30;;20;;;0;0;;;;;;;;;;;;;;;;;;;;;;global_emission_factors.natural_gas;0.001202458;0.00057076;;srd_point_draft;;;
287;DE;2060;ind_other_kiln_gas_0;100;;;;;;0.11;;;0.09;;0.09;;;;;;;;;1;;;;;;;;;;30;;20;;;0;0;;;;;;;;;;;;;;;;;;;;;;global_emission_factors.natural_gas;0.001202458;0.00057076;;srd_point_draft;;;
288;DE;2070;ind_other_kiln_gas_0;100;;;;;;0.11;;;0.09;;0.09;;;;;;;;;1;;;;;;;;;;30;;20;;;0;0;;;;;;;;;;;;;;;;;;;;;;global_emission_factors.natural_gas;0.001202458;0.00057076;;srd_point_draft;;;
289;DE;2021;ind_other_kiln_gas_1;100;;;;;;0.09;;;0.91;;0.91;;;;;;;;;0.9;;;;;;;;2.56;92;30;0.153;0;;;;0;;;;;;;;;;;;;;;;;;;;;;global_emission_factors.natural_gas;0.001202458;0.00057076;;srd_point_draft;;;
290;DE;2024;ind_other_kiln_gas_1;100;;;;;;0.09;;;0.91;;0.91;;;;;;;;;0.9;;;;;;;;2.56;92;30;0.153;0;;;;;;;;;;;;;;;;;;;;;;;;;;global_emission_factors.natural_gas;0.001202458;0.00057076;;srd_point_draft;;;
291;DE;2027;ind_other_kiln_gas_1;100;;;;;;0.09;;;0.91;;0.91;;;;;;;;;0.9;;;;;;;;2.56;92;30;0.153;0;;;;;;;;;;;;;;;;;;;;;;;;;;global_emission_factors.natural_gas;0.001202458;0.00057076;;srd_point_draft;;;
292;DE;2030;ind_other_kiln_gas_1;100;;;;;;0.09;;;0.91;;0.91;;;;;;;;;0.9;;;;;;;;2.56;92;30;0.153;20;;;;;;;;;;;;;;;;;;;;;;;;;;global_emission_factors.natural_gas;0.001202458;0.00057076;;srd_point_draft;;;
293;DE;2035;ind_other_kiln_gas_1;100;;;;;;0.09;;;0.91;;0.91;;;;;;;;;0.9;;;;;;;;2.56;92;30;0.153;20;;;;;;;;;;;;;;;;;;;;;;;;;;global_emission_factors.natural_gas;0.001202458;0.00057076;;srd_point_draft;;;
294;DE;2040;ind_other_kiln_gas_1;100;;;;;;0.09;;;0.91;;0.91;;;;;;;;;0.9;;;;;;;;2.56;92;30;0.153;20;;;;;;;;;;;;;;;;;;;;;;;;;;global_emission_factors.natural_gas;0.001202458;0.00057076;;srd_point_draft;;;
295;DE;2045;ind_other_kiln_gas_1;100;;;;;;0.09;;;0.91;;0.91;;;;;;;;;0.9;;;;;;;;2.56;92;30;0.153;20;;;;;;;;;;;;;;;;;;;;;;;;;;global_emission_factors.natural_gas;0.001202458;0.00057076;;srd_point_draft;;;
296;DE;2050;ind_other_kiln_gas_1;100;;;;;;0.09;;;0.91;;0.91;;;;;;;;;0.9;;;;;;;;2.56;92;30;0.153;20;;;;;;;;;;;;;;;;;;;;;;;;;;global_emission_factors.natural_gas;0.001202458;0.00057076;;srd_point_draft;;;
297;DE;2060;ind_other_kiln_gas_1;100;;;;;;0.09;;;0.91;;0.91;;;;;;;;;0.9;;;;;;;;2.56;92;30;0.153;20;;;;;;;;;;;;;;;;;;;;;;;;;;global_emission_factors.natural_gas;0.001202458;0.00057076;;srd_point_draft;;;
298;DE;2070;ind_other_kiln_gas_1;100;;;;;;0.09;;;0.91;;0.91;;;;;;;;;0.9;;;;;;;;2.56;92;30;0.153;20;;;;;;;;;;;;;;;;;;;;;;;;;;global_emission_factors.natural_gas;0.001202458;0.00057076;;srd_point_draft;;;
299;DE;2021;ind_other_light_elc_0;100;;;;;;1;;;;;;;;;;;;;1;;;;;;;;;;;5;;;;;21.9;0;;;;;;;;;;;;;;;;;;;;;;;;;;srd_point_draft;;;
300;DE;2024;ind_other_light_elc_0;100;;;;;;1;;;;;;;;;;;;;1;;;;;;;;;;;5;;;;;13.14;0;;;;;;;;;;;;;;;;;;;;;;;;;;srd_point_draft;;;
301;DE;2027;ind_other_light_elc_0;100;;;;;;1;;;;;;;;;;;;;1;;;;;;;;;;;5;;;;;0;0;;;;;;;;;;;;;;;;;;;;;;;;;;srd_point_draft;;;
302;DE;2030;ind_other_light_elc_0;100;;;;;;1;;;;;;;;;;;;;1;;;;;;;;;;;5;;;;;0;0;;;;;;;;;;;;;;;;;;;;;;;;;;srd_point_draft;;;
303;DE;2035;ind_other_light_elc_0;100;;;;;;1;;;;;;;;;;;;;1;;;;;;;;;;;5;;;;;0;0;;;;;;;;;;;;;;;;;;;;;;;;;;srd_point_draft;;;
304;DE;2040;ind_other_light_elc_0;100;;;;;;1;;;;;;;;;;;;;1;;;;;;;;;;;5;;;;;0;0;;;;;;;;;;;;;;;;;;;;;;;;;;srd_point_draft;;;
305;DE;2045;ind_other_light_elc_0;100;;;;;;1;;;;;;;;;;;;;1;;;;;;;;;;;5;;;;;0;0;;;;;;;;;;;;;;;;;;;;;;;;;;srd_point_draft;;;
306;DE;2050;ind_other_light_elc_0;100;;;;;;1;;;;;;;;;;;;;1;;;;;;;;;;;5;;;;;0;0;;;;;;;;;;;;;;;;;;;;;;;;;;srd_point_draft;;;
307;DE;2060;ind_other_light_elc_0;100;;;;;;1;;;;;;;;;;;;;1;;;;;;;;;;;5;;;;;0;0;;;;;;;;;;;;;;;;;;;;;;;;;;srd_point_draft;;;
308;DE;2070;ind_other_light_elc_0;100;;;;;;1;;;;;;;;;;;;;1;;;;;;;;;;;5;;;;;0;0;;;;;;;;;;;;;;;;;;;;;;;;;;srd_point_draft;;;
309;DE;2021;ind_other_light_elc_1;100;;;;;;1;;;;;;;;;;;;;4.9;;;;;;;;;250.8864;1512.240774;0.6376621;;;;;;0;;;;;;;;;;;;;;;;;;;;;;;;;;srd_point_draft;;;
310;DE;2024;ind_other_light_elc_1;100;;;;;;1;;;;;;;;;;;;;4.9;;;;;;;;;250.8864;1512.240774;0.6376621;;;;;;;;;;;;;;;;;;;;;;;;;;;;;;;;srd_point_draft;;;
311;DE;2027;ind_other_light_elc_1;100;;;;;;1;;;;;;;;;;;;;4.9;;;;;;;;;250.8864;1512.240774;0.6376621;;;;;;;;;;;;;;;;;;;;;;;;;;;;;;;;srd_point_draft;;;
312;DE;2030;ind_other_light_elc_1;100;;;;;;1;;;;;;;;;;;;;4.9;;;;;;;;;250.8864;1512.240774;0.6376621;;;;;;;;;;;;;;;;;;;;;;;;;;;;;;;;srd_point_draft;;;
313;DE;2035;ind_other_light_elc_1;100;;;;;;1;;;;;;;;;;;;;4.9;;;;;;;;;250.8864;1512.240774;0.6376621;;;;;;;;;;;;;;;;;;;;;;;;;;;;;;;;srd_point_draft;;;
314;DE;2040;ind_other_light_elc_1;100;;;;;;1;;;;;;;;;;;;;4.9;;;;;;;;;250.8864;1512.240774;0.6376621;;;;;;;;;;;;;;;;;;;;;;;;;;;;;;;;srd_point_draft;;;
315;DE;2045;ind_other_light_elc_1;100;;;;;;1;;;;;;;;;;;;;4.9;;;;;;;;;250.8864;1512.240774;0.6376621;;;;;;;;;;;;;;;;;;;;;;;;;;;;;;;;srd_point_draft;;;
316;DE;2050;ind_other_light_elc_1;100;;;;;;1;;;;;;;;;;;;;4.9;;;;;;;;;250.8864;1512.240774;0.6376621;;;;;;;;;;;;;;;;;;;;;;;;;;;;;;;;srd_point_draft;;;
317;DE;2060;ind_other_light_elc_1;100;;;;;;1;;;;;;;;;;;;;4.9;;;;;;;;;250.8864;1512.240774;0.6376621;;;;;;;;;;;;;;;;;;;;;;;;;;;;;;;;srd_point_draft;;;
318;DE;2070;ind_other_light_elc_1;100;;;;;;1;;;;;;;;;;;;;4.9;;;;;;;;;250.8864;1512.240774;0.6376621;;;;;;;;;;;;;;;;;;;;;;;;;;;;;;;;srd_point_draft;;;
319;DE;2021;ind_other_mdrive_elec_0;100;;;;;;1;;;;;;;0.87501425;;;;;;;;;;;;;;;;;30;;;;;208.5105668;0;;;;;;;;;;;;;;;;;;;;;;;;;;srd_point_draft;;;
320;DE;2024;ind_other_mdrive_elec_0;80;;;;;;1;;;;;;;0.339904827;;;;;;;;;;;;;;;;;30;;;;;186.9405082;0;;;;;;;;;;;;;;;;;;;;;;;;;;srd_point_draft;;;
321;DE;2027;ind_other_mdrive_elec_0;70;;;;;;1;;;;;;;0.4;;;;;;;;;;;;;;;;;30;;;;;165.3704495;0;;;;;;;;;;;;;;;;;;;;;;;;;;srd_point_draft;;;
322;DE;2030;ind_other_mdrive_elec_0;70;;;;;;1;;;;;;;0.4;;;;;;;;;;;;;;;;;30;;;;;143.8003909;0;;;;;;;;;;;;;;;;;;;;;;;;;;srd_point_draft;;;
323;DE;2035;ind_other_mdrive_elec_0;70;;;;;;1;;;;;;;0.4;;;;;;;;;;;;;;;;;30;;;;;107.8502932;0;;;;;;;;;;;;;;;;;;;;;;;;;;srd_point_draft;;;
324;DE;2040;ind_other_mdrive_elec_0;70;;;;;;1;;;;;;;0.4;;;;;;;;;;;;;;;;;30;;;;;71.90019545;0;;;;;;;;;;;;;;;;;;;;;;;;;;srd_point_draft;;;
325;DE;2045;ind_other_mdrive_elec_0;70;;;;;;1;;;;;;;0.4;;;;;;;;;;;;;;;;;30;;;;;35.95009772;0;;;;;;;;;;;;;;;;;;;;;;;;;;srd_point_draft;;;
326;DE;2050;ind_other_mdrive_elec_0;70;;;;;;1;;;;;;;0.4;;;;;;;;;;;;;;;;;30;;;;;0;0;;;;;;;;;;;;;;;;;;;;;;;;;;srd_point_draft;;;
327;DE;2060;ind_other_mdrive_elec_0;70;;;;;;1;;;;;;;0.4;;;;;;;;;;;;;;;;;30;;;;;0;0;;;;;;;;;;;;;;;;;;;;;;;;;;srd_point_draft;;;
328;DE;2070;ind_other_mdrive_elec_0;70;;;;;;1;;;;;;;0.4;;;;;;;;;;;;;;;;;30;;;;;0;0;;;;;;;;;;;;;;;;;;;;;;;;;;srd_point_draft;;;
329;DE;2021;ind_other_mdrive_elec_1;85;;;;;;1;;;;;;;0.933222539;;;;;;;;;;;;;;;0.001;0.024;30;;;;;;0;;;;;;;;;;;;;;;;;;;;;;;;;;srd_point_draft;;;
330;DE;2024;ind_other_mdrive_elec_1;85;;;;;;1;;;;;;;0.933222539;;;;;;;;;;;;;;;0.001;0.024;30;;;;;;;;;;;;;;;;;;;;;;;;;;;;;;;;srd_point_draft;;;
331;DE;2027;ind_other_mdrive_elec_1;85;;;;;;1;;;;;;;0.95;;;;;;;;;;;;;;;0.001;0.024;30;;;;;;;;;;;;;;;;;;;;;;;;;;;;;;;;srd_point_draft;;;
332;DE;2030;ind_other_mdrive_elec_1;85;;;;;;1;;;;;;;0.968284107;;;;;;;;;;;;;;;0.001;0.024;30;;;;;;;;;;;;;;;;;;;;;;;;;;;;;;;;srd_point_draft;;;
333;DE;2035;ind_other_mdrive_elec_1;85;;;;;;1;;;;;;;0.97859211;;;;;;;;;;;;;;;0.001;0.024;30;;;;;;;;;;;;;;;;;;;;;;;;;;;;;;;;srd_point_draft;;;
334;DE;2040;ind_other_mdrive_elec_1;85;;;;;;1;;;;;;;0.989106145;;;;;;;;;;;;;;;0.001;0.024;30;;;;;;;;;;;;;;;;;;;;;;;;;;;;;;;;srd_point_draft;;;
335;DE;2045;ind_other_mdrive_elec_1;85;;;;;;1;;;;;;;0.989106145;;;;;;;;;;;;;;;0.001;0.024;30;;;;;;;;;;;;;;;;;;;;;;;;;;;;;;;;srd_point_draft;;;
336;DE;2050;ind_other_mdrive_elec_1;85;;;;;;1;;;;;;;1.012549485;;;;;;;;;;;;;;;0.001;0.024;30;;;;;;;;;;;;;;;;;;;;;;;;;;;;;;;;srd_point_draft;;;
337;DE;2060;ind_other_mdrive_elec_1;85;;;;;;1;;;;;;;1.012549485;;;;;;;;;;;;;;;0.001;0.024;30;;;;;;;;;;;;;;;;;;;;;;;;;;;;;;;;srd_point_draft;;;
338;DE;2070;ind_other_mdrive_elec_1;85;;;;;;1;;;;;;;1.012549485;;;;;;;;;;;;;;;0.001;0.024;30;;;;;;;;;;;;;;;;;;;;;;;;;;;;;;;;srd_point_draft;;;
339;DE;2021;ind_other_mdrive_gas_0;100;;;;;;;;;1;;1;;0.5;;;;;;;;;;;;;;;;;30;;0;;;2.6;0;;;;;;;;;;;;;;;;;;;;;;global_emission_factors.natural_gas;0.001202458;0.00057076;;srd_point_draft;;;
340;DE;2024;ind_other_mdrive_gas_0;100;;;;;;;;;1;;1;;0.5;;;;;;;;;;;;;;;;;30;;0;;;2.331034483;0;;;;;;;;;;;;;;;;;;;;;;global_emission_factors.natural_gas;0.001202458;0.00057076;;srd_point_draft;;;
341;DE;2027;ind_other_mdrive_gas_0;100;;;;;;;;;1;;1;;0.5;;;;;;;;;;;;;;;;;30;;20;;;2.062068966;0;;;;;;;;;;;;;;;;;;;;;;global_emission_factors.natural_gas;0.001202458;0.00057076;;srd_point_draft;;;
342;DE;2030;ind_other_mdrive_gas_0;100;;;;;;;;;1;;1;;0.5;;;;;;;;;;;;;;;;;30;;20;;;1.793103448;0;;;;;;;;;;;;;;;;;;;;;;global_emission_factors.natural_gas;0.001202458;0.00057076;;srd_point_draft;;;
343;DE;2035;ind_other_mdrive_gas_0;100;;;;;;;;;1;;1;;0.5;;;;;;;;;;;;;;;;;30;;20;;;1.344827586;0;;;;;;;;;;;;;;;;;;;;;;global_emission_factors.natural_gas;0.001202458;0.00057076;;srd_point_draft;;;
344;DE;2040;ind_other_mdrive_gas_0;100;;;;;;;;;1;;1;;0.5;;;;;;;;;;;;;;;;;30;;20;;;0.896551724;0;;;;;;;;;;;;;;;;;;;;;;global_emission_factors.natural_gas;0.001202458;0.00057076;;srd_point_draft;;;
345;DE;2045;ind_other_mdrive_gas_0;100;;;;;;;;;1;;1;;0.5;;;;;;;;;;;;;;;;;30;;20;;;0.448275862;0;;;;;;;;;;;;;;;;;;;;;;global_emission_factors.natural_gas;0.001202458;0.00057076;;srd_point_draft;;;
346;DE;2050;ind_other_mdrive_gas_0;100;;;;;;;;;1;;1;;0.5;;;;;;;;;;;;;;;;;30;;20;;;0;0;;;;;;;;;;;;;;;;;;;;;;global_emission_factors.natural_gas;0.001202458;0.00057076;;srd_point_draft;;;
347;DE;2060;ind_other_mdrive_gas_0;100;;;;;;;;;1;;1;;0.5;;;;;;;;;;;;;;;;;30;;20;;;0;0;;;;;;;;;;;;;;;;;;;;;;global_emission_factors.natural_gas;0.001202458;0.00057076;;srd_point_draft;;;
348;DE;2070;ind_other_mdrive_gas_0;100;;;;;;;;;1;;1;;0.5;;;;;;;;;;;;;;;;;30;;20;;;0;0;;;;;;;;;;;;;;;;;;;;;;global_emission_factors.natural_gas;0.001202458;0.00057076;;srd_point_draft;;;
349;DE;2021;ind_other_pump_fans_elec_0;90;;;;;;1;;;;;;;;;;;;0.598802395;;;;;;;;;;;;20;;;0.09915903;0;;;;;;;;;;;;;;;;;;;;;;;;;;;;srd_point_draft;;;
350;DE;2024;ind_other_pump_fans_elec_0;80;;;;;;1;;;;;;;;;;;;0.509943906;;;;;;;;;;;;20;;;0.083502341;0;;;;;;;;;;;;;;;;;;;;;;;;;;;;srd_point_draft;;;
351;DE;2027;ind_other_pump_fans_elec_0;70;;;;;;1;;;;;;;;;;;;0.599880024;;;;;;;;;;;;20;;;0.067845652;0;;;;;;;;;;;;;;;;;;;;;;;;;;;;srd_point_draft;;;
352;DE;2030;ind_other_pump_fans_elec_0;70;;;;;;1;;;;;;;;;;;;0.599880024;;;;;;;;;;;;20;;;0.052188963;0;;;;;;;;;;;;;;;;;;;;;;;;;;;;srd_point_draft;;;
353;DE;2035;ind_other_pump_fans_elec_0;70;;;;;;1;;;;;;;;;;;;0.599880024;;;;;;;;;;;;20;;;0.026094482;0;;;;;;;;;;;;;;;;;;;;;;;;;;;;srd_point_draft;;;
354;DE;2040;ind_other_pump_fans_elec_0;70;;;;;;1;;;;;;;;;;;;0.599880024;;;;;;;;;;;;20;;;0;0;;;;;;;;;;;;;;;;;;;;;;;;;;;;srd_point_draft;;;
355;DE;2045;ind_other_pump_fans_elec_0;70;;;;;;1;;;;;;;;;;;;0.599880024;;;;;;;;;;;;20;;;0;0;;;;;;;;;;;;;;;;;;;;;;;;;;;;srd_point_draft;;;
356;DE;2050;ind_other_pump_fans_elec_0;70;;;;;;1;;;;;;;;;;;;0.599880024;;;;;;;;;;;;20;;;0;0;;;;;;;;;;;;;;;;;;;;;;;;;;;;srd_point_draft;;;
357;DE;2060;ind_other_pump_fans_elec_0;70;;;;;;1;;;;;;;;;;;;0.599880024;;;;;;;;;;;;20;;;0;0;;;;;;;;;;;;;;;;;;;;;;;;;;;;srd_point_draft;;;
358;DE;2070;ind_other_pump_fans_elec_0;70;;;;;;1;;;;;;;;;;;;0.599880024;;;;;;;;;;;;20;;;0;0;;;;;;;;;;;;;;;;;;;;;;;;;;;;srd_point_draft;;;
359;DE;2021;ind_other_pump_fans_elec_1;100;;;;;;1;;;;;;;;;;;;0.75;;;;;;;;6;525;;;20;;;;0;;;;;;;;;;;;;;;;;;;;;;;;;;;;srd_point_draft;;;
360;DE;2024;ind_other_pump_fans_elec_1;100;;;;;;1;;;;;;;;;;;;0.75;;;;;;;;6;525;;;20;;;;;;;;;;;;;;;;;;;;;;;;;;;;;;;;srd_point_draft;;;
361;DE;2027;ind_other_pump_fans_elec_1;100;;;;;;1;;;;;;;;;;;;0.75;;;;;;;;6;525;;;20;;;;;;;;;;;;;;;;;;;;;;;;;;;;;;;;srd_point_draft;;;
362;DE;2030;ind_other_pump_fans_elec_1;100;;;;;;1;;;;;;;;;;;;0.75;;;;;;;;6;525;;;20;;;;;;;;;;;;;;;;;;;;;;;;;;;;;;;;srd_point_draft;;;
363;DE;2035;ind_other_pump_fans_elec_1;100;;;;;;1;;;;;;;;;;;;0.75;;;;;;;;6;525;;;20;;;;;;;;;;;;;;;;;;;;;;;;;;;;;;;;srd_point_draft;;;
364;DE;2040;ind_other_pump_fans_elec_1;100;;;;;;1;;;;;;;;;;;;0.75;;;;;;;;6;525;;;20;;;;;;;;;;;;;;;;;;;;;;;;;;;;;;;;srd_point_draft;;;
365;DE;2045;ind_other_pump_fans_elec_1;100;;;;;;1;;;;;;;;;;;;0.75;;;;;;;;6;525;;;20;;;;;;;;;;;;;;;;;;;;;;;;;;;;;;;;srd_point_draft;;;
366;DE;2050;ind_other_pump_fans_elec_1;100;;;;;;1;;;;;;;;;;;;0.75;;;;;;;;6;525;;;20;;;;;;;;;;;;;;;;;;;;;;;;;;;;;;;;srd_point_draft;;;
367;DE;2060;ind_other_pump_fans_elec_1;100;;;;;;1;;;;;;;;;;;;0.75;;;;;;;;6;525;;;20;;;;;;;;;;;;;;;;;;;;;;;;;;;;;;;;srd_point_draft;;;
368;DE;2070;ind_other_pump_fans_elec_1;100;;;;;;1;;;;;;;;;;;;0.75;;;;;;;;6;525;;;20;;;;;;;;;;;;;;;;;;;;;;;;;;;;;;;;srd_point_draft;;;
369;DE;2021;ind_other_solar_heat_1;80;;0.57;;;;0.4;;;;;;;;;;;;;;;;;0.6;;;10;1200;;;20;0.15;;;0;;;;;;;;;;;;;;;;;;;;;;;;;;;;srd_point_draft;;;
370;DE;2024;ind_other_solar_heat_1;80;;0.57;;;;0.4;;;;;;;;;;;;;;;;;0.6;;;10;1200;;;20;0.15;;;;;;;;;;;;;;;;;;;;;;;;;;;;;;;srd_point_draft;;;
371;DE;2027;ind_other_solar_heat_1;80;;0.57;;;;0.4;;;;;;;;;;;;;;;;;0.6;;;10;1200;;;20;0.15;;;;;;;;;;;;;;;;;;;;;;;;;;;;;;;srd_point_draft;;;
372;DE;2030;ind_other_solar_heat_1;80;;0.57;;;;0.4;;;;;;;;;;;;;;;;;0.6;;;10;1200;;;20;0.15;;;;;;;;;;;;;;;;;;;;;;;;;;;;;;;srd_point_draft;;;
373;DE;2035;ind_other_solar_heat_1;80;;0.57;;;;0.4;;;;;;;;;;;;;;;;;0.6;;;10;1140;;;20;0.15;;;;;;;;;;;;;;;;;;;;;;;;;;;;;;;srd_point_draft;;;
374;DE;2040;ind_other_solar_heat_1;80;;0.58;;;;0.4;;;;;;;;;;;;;;;;;0.6;;;10;1083;;;20;0.15;;;;;;;;;;;;;;;;;;;;;;;;;;;;;;;srd_point_draft;;;
375;DE;2045;ind_other_solar_heat_1;80;;0.58;;;;0.4;;;;;;;;;;;;;;;;;0.6;;;10;1083;;;20;0.15;;;;;;;;;;;;;;;;;;;;;;;;;;;;;;;srd_point_draft;;;
376;DE;2050;ind_other_solar_heat_1;80;;0.58;;;;0.4;;;;;;;;;;;;;;;;;0.6;;;10;1028.85;;;20;0.15;;;;;;;;;;;;;;;;;;;;;;;;;;;;;;;srd_point_draft;;;
377;DE;2060;ind_other_solar_heat_1;80;;0.58;;;;0.4;;;;;;;;;;;;;;;;;0.6;;;10;1028.85;;;20;0.15;;;;;;;;;;;;;;;;;;;;;;;;;;;;;;;srd_point_draft;;;
378;DE;2070;ind_other_solar_heat_1;80;;0.58;;;;0.4;;;;;;;;;;;;;;;;;0.6;;;10;1028.85;;;20;0.15;;;;;;;;;;;;;;;;;;;;;;;;;;;;;;;srd_point_draft;;;
379;DE;2021;ind_other_steam_bio_0;100;;;1;;;;;;;;;;;0.8;;;;;;;;;;;;;;;;30;;;0.033308838;0;;;;;;global_emission_factors.waste_wood_wood_scraps_industry;0.0018;0.001460838;;;;;;;;;;;;;;;;;;;;srd_point_draft;;;
380;DE;2024;ind_other_steam_bio_0;100;;;1;;;;;;;;;;;0.8;;;;;;;;;;;;;;;;30;;;0.029863096;0;;;;;;global_emission_factors.waste_wood_wood_scraps_industry;0.0018;0.001460838;;;;;;;;;;;;;;;;;;;;srd_point_draft;;;
381;DE;2027;ind_other_steam_bio_0;100;;;1;;;;;;;;;;;0.8;;;;;;;;;;;;;;;;30;;;0.026417354;0;;;;;;global_emission_factors.waste_wood_wood_scraps_industry;0.0018;0.001460838;;;;;;;;;;;;;;;;;;;;srd_point_draft;;;
382;DE;2030;ind_other_steam_bio_0;100;;;1;;;;;;;;;;;0.8;;;;;;;;;;;;;;;;30;;;0.022971612;0;;;;;;global_emission_factors.waste_wood_wood_scraps_industry;0.0018;0.001460838;;;;;;;;;;;;;;;;;;;;srd_point_draft;;;
383;DE;2035;ind_other_steam_bio_0;100;;;1;;;;;;;;;;;0.8;;;;;;;;;;;;;;;;30;;;0.017228709;0;;;;;;global_emission_factors.waste_wood_wood_scraps_industry;0.0018;0.001460838;;;;;;;;;;;;;;;;;;;;srd_point_draft;;;
384;DE;2040;ind_other_steam_bio_0;100;;;1;;;;;;;;;;;0.8;;;;;;;;;;;;;;;;30;;;0.011485806;0;;;;;;global_emission_factors.waste_wood_wood_scraps_industry;0.0018;0.001460838;;;;;;;;;;;;;;;;;;;;srd_point_draft;;;
385;DE;2045;ind_other_steam_bio_0;100;;;1;;;;;;;;;;;0.8;;;;;;;;;;;;;;;;30;;;0.005742903;0;;;;;;global_emission_factors.waste_wood_wood_scraps_industry;0.0018;0.001460838;;;;;;;;;;;;;;;;;;;;srd_point_draft;;;
386;DE;2050;ind_other_steam_bio_0;100;;;1;;;;;;;;;;;0.8;;;;;;;;;;;;;;;;30;;;0;0;;;;;;global_emission_factors.waste_wood_wood_scraps_industry;0.0018;0.001460838;;;;;;;;;;;;;;;;;;;;srd_point_draft;;;
387;DE;2060;ind_other_steam_bio_0;100;;;1;;;;;;;;;;;0.8;;;;;;;;;;;;;;;;30;;;0;0;;;;;;global_emission_factors.waste_wood_wood_scraps_industry;0.0018;0.001460838;;;;;;;;;;;;;;;;;;;;srd_point_draft;;;
388;DE;2070;ind_other_steam_bio_0;100;;;1;;;;;;;;;;;0.8;;;;;;;;;;;;;;;;30;;;0;0;;;;;;global_emission_factors.waste_wood_wood_scraps_industry;0.0018;0.001460838;;;;;;;;;;;;;;;;;;;;srd_point_draft;;;
389;DE;2021;ind_other_steam_bio_1;85;;;1;;;;;;;;;;;0.779423227;;;;;;;;;;;;53.9;579.5;;;30;;;;0;;;;;;global_emission_factors.waste_wood_wood_scraps_industry;0.0018;0.001460838;;;;;;;;;;;;;;;;;;;;srd_point_draft;;;
390;DE;2024;ind_other_steam_bio_1;85;;;1;;;;;;;;;;;0.822612046;;;;;;;;;;;;53.9;579.5;;;30;;;;;;;;;;global_emission_factors.waste_wood_wood_scraps_industry;0.0018;0.001460838;;;;;;;;;;;;;;;;;;;;srd_point_draft;;;
391;DE;2027;ind_other_steam_bio_1;85;;;1;;;;;;;;;;;0.865960786;;;;;;;;;;;;53.9;579.5;;;30;;;;;;;;;;global_emission_factors.waste_wood_wood_scraps_industry;0.0018;0.001460838;;;;;;;;;;;;;;;;;;;;srd_point_draft;;;
392;DE;2030;ind_other_steam_bio_1;85;;;1;;;;;;;;;;;0.913669664;;;;;;;;;;;;53.9;579.5;;;30;;;;;;;;;;global_emission_factors.waste_wood_wood_scraps_industry;0.0018;0.001460838;;;;;;;;;;;;;;;;;;;;srd_point_draft;;;
393;DE;2035;ind_other_steam_bio_1;85;;;1;;;;;;;;;;;0.939795817;;;;;;;;;;;;53.9;579.5;;;30;;;;;;;;;;global_emission_factors.waste_wood_wood_scraps_industry;0.0018;0.001460838;;;;;;;;;;;;;;;;;;;;srd_point_draft;;;
394;DE;2040;ind_other_steam_bio_1;85;;;1;;;;;;;;;;;0.967460112;;;;;;;;;;;;53.9;579.5;;;30;;;;;;;;;;global_emission_factors.waste_wood_wood_scraps_industry;0.0018;0.001460838;;;;;;;;;;;;;;;;;;;;srd_point_draft;;;
395;DE;2045;ind_other_steam_bio_1;85;;;1;;;;;;;;;;;0.967460112;;;;;;;;;;;;53.9;579.5;;;30;;;;;;;;;;global_emission_factors.waste_wood_wood_scraps_industry;0.0018;0.001460838;;;;;;;;;;;;;;;;;;;;srd_point_draft;;;
396;DE;2050;ind_other_steam_bio_1;85;;;1;;;;;;;;;;;1.027980458;;;;;;;;;;;;53.9;579.5;;;30;;;;;;;;;;global_emission_factors.waste_wood_wood_scraps_industry;0.0018;0.001460838;;;;;;;;;;;;;;;;;;;;srd_point_draft;;;
397;DE;2060;ind_other_steam_bio_1;85;;;1;;;;;;;;;;;1.027980458;;;;;;;;;;;;53.9;579.5;;;30;;;;;;;;;;global_emission_factors.waste_wood_wood_scraps_industry;0.0018;0.001460838;;;;;;;;;;;;;;;;;;;;srd_point_draft;;;
398;DE;2070;ind_other_steam_bio_1;85;;;1;;;;;;;;;;;1.027980458;;;;;;;;;;;;53.9;579.5;;;30;;;;;;;;;;global_emission_factors.waste_wood_wood_scraps_industry;0.0018;0.001460838;;;;;;;;;;;;;;;;;;;;srd_point_draft;;;
399;DE;2021;ind_other_steam_elec_0;100;;;;;;1;;;;;;;;1;;;;;;;;;;;;;;;;30;;;0.561263318;0;;;;;;;;;;;;;;;;;;;;;;;;;;;;srd_point_draft;;;
400;DE;2024;ind_other_steam_elec_0;100;;;;;;1;;;;;;;;1;;;;;;;;;;;;;;;;30;;;0.503201596;0;;;;;;;;;;;;;;;;;;;;;;;;;;;;srd_point_draft;;;
401;DE;2027;ind_other_steam_elec_0;100;;;;;;1;;;;;;;;1;;;;;;;;;;;;;;;;30;;;0.445139873;0;;;;;;;;;;;;;;;;;;;;;;;;;;;;srd_point_draft;;;
402;DE;2030;ind_other_steam_elec_0;100;;;;;;1;;;;;;;;1;;;;;;;;;;;;;;;;30;;;0.38707815;0;;;;;;;;;;;;;;;;;;;;;;;;;;;;srd_point_draft;;;
403;DE;2035;ind_other_steam_elec_0;100;;;;;;1;;;;;;;;1;;;;;;;;;;;;;;;;30;;;0.290308613;0;;;;;;;;;;;;;;;;;;;;;;;;;;;;srd_point_draft;;;
404;DE;2040;ind_other_steam_elec_0;100;;;;;;1;;;;;;;;1;;;;;;;;;;;;;;;;30;;;0.193539075;0;;;;;;;;;;;;;;;;;;;;;;;;;;;;srd_point_draft;;;
405;DE;2045;ind_other_steam_elec_0;100;;;;;;1;;;;;;;;1;;;;;;;;;;;;;;;;30;;;0.096769538;0;;;;;;;;;;;;;;;;;;;;;;;;;;;;srd_point_draft;;;
406;DE;2050;ind_other_steam_elec_0;100;;;;;;1;;;;;;;;1;;;;;;;;;;;;;;;;30;;;0;0;;;;;;;;;;;;;;;;;;;;;;;;;;;;srd_point_draft;;;
407;DE;2060;ind_other_steam_elec_0;100;;;;;;1;;;;;;;;1;;;;;;;;;;;;;;;;30;;;0;0;;;;;;;;;;;;;;;;;;;;;;;;;;;;srd_point_draft;;;
408;DE;2070;ind_other_steam_elec_0;100;;;;;;1;;;;;;;;1;;;;;;;;;;;;;;;;30;;;0;0;;;;;;;;;;;;;;;;;;;;;;;;;;;;srd_point_draft;;;
409;DE;2021;ind_other_steam_elec_1;85;;;;;;1;;;;;;;;0.930232558;;;;;;;;;;;;23.35;171.5;;;30;;;;0;;;;;;;;;;;;;;;;;;;;;;;;;;;;srd_point_draft;;;
410;DE;2024;ind_other_steam_elec_1;85;;;;;;1;;;;;;;;0.981645205;;;;;;;;;;;;23.35;171.5;;;30;;;;;;;;;;;;;;;;;;;;;;;;;;;;;;;;srd_point_draft;;;
411;DE;2027;ind_other_steam_elec_1;85;;;;;;1;;;;;;;;1.032715051;;;;;;;;;;;;23.35;171.5;;;30;;;;;;;;;;;;;;;;;;;;;;;;;;;;;;;;srd_point_draft;;;
412;DE;2030;ind_other_steam_elec_1;85;;;;;;1;;;;;;;;1.090581738;;;;;;;;;;;;23.35;171.5;;;30;;;;;;;;;;;;;;;;;;;;;;;;;;;;;;;;srd_point_draft;;;
413;DE;2035;ind_other_steam_elec_1;85;;;;;;1;;;;;;;;1.1216684;;;;;;;;;;;;23.35;171.5;;;30;;;;;;;;;;;;;;;;;;;;;;;;;;;;;;;;srd_point_draft;;;
414;DE;2040;ind_other_steam_elec_1;85;;;;;;1;;;;;;;;1.154579366;;;;;;;;;;;;23.35;171.5;;;30;;;;;;;;;;;;;;;;;;;;;;;;;;;;;;;;srd_point_draft;;;
415;DE;2045;ind_other_steam_elec_1;85;;;;;;1;;;;;;;;1.154579366;;;;;;;;;;;;23.35;171.5;;;30;;;;;;;;;;;;;;;;;;;;;;;;;;;;;;;;srd_point_draft;;;
416;DE;2050;ind_other_steam_elec_1;85;;;;;;1;;;;;;;;1.227390181;;;;;;;;;;;;23.35;171.5;;;30;;;;;;;;;;;;;;;;;;;;;;;;;;;;;;;;srd_point_draft;;;
417;DE;2060;ind_other_steam_elec_1;85;;;;;;1;;;;;;;;1.227390181;;;;;;;;;;;;23.35;171.5;;;30;;;;;;;;;;;;;;;;;;;;;;;;;;;;;;;;srd_point_draft;;;
418;DE;2070;ind_other_steam_elec_1;85;;;;;;1;;;;;;;;1.227390181;;;;;;;;;;;;23.35;171.5;;;30;;;;;;;;;;;;;;;;;;;;;;;;;;;;;;;;srd_point_draft;;;
419;DE;2021;ind_other_steam_gas_0;100;;;;;;;;;1;;1;;;0.8;;;;;;;;;;;;;;;;30;;0;0.081923381;0;;;;;;;;;;;;;;;;;;;;;;;;global_emission_factors.natural_gas;0.001202458;0.00057076;;srd_point_draft;;;
420;DE;2024;ind_other_steam_gas_0;100;;;;;;;;;1;;1;;;0.8;;;;;;;;;;;;;;;;30;;0;0.073448549;0;;;;;;;;;;;;;;;;;;;;;;;;global_emission_factors.natural_gas;0.001202458;0.00057076;;srd_point_draft;;;
421;DE;2027;ind_other_steam_gas_0;100;;;;;;;;;1;;1;;;0.8;;;;;;;;;;;;;;;;30;;0;0.064973716;0;;;;;;;;;;;;;;;;;;;;;;;;global_emission_factors.natural_gas;0.001202458;0.00057076;;srd_point_draft;;;
422;DE;2030;ind_other_steam_gas_0;100;;;;;;;;;1;;1;;;0.8;;;;;;;;;;;;;;;;30;;20;0.056498884;0;;;;;;;;;;;;;;;;;;;;;;;;global_emission_factors.natural_gas;0.001202458;0.00057076;;srd_point_draft;;;
423;DE;2035;ind_other_steam_gas_0;100;;;;;;;;;1;;1;;;0.8;;;;;;;;;;;;;;;;30;;20;0.042374163;0;;;;;;;;;;;;;;;;;;;;;;;;global_emission_factors.natural_gas;0.001202458;0.00057076;;srd_point_draft;;;
424;DE;2040;ind_other_steam_gas_0;100;;;;;;;;;1;;1;;;0.8;;;;;;;;;;;;;;;;30;;20;0.028249442;0;;;;;;;;;;;;;;;;;;;;;;;;global_emission_factors.natural_gas;0.001202458;0.00057076;;srd_point_draft;;;
425;DE;2045;ind_other_steam_gas_0;100;;;;;;;;;1;;1;;;0.8;;;;;;;;;;;;;;;;30;;20;0.014124721;0;;;;;;;;;;;;;;;;;;;;;;;;global_emission_factors.natural_gas;0.001202458;0.00057076;;srd_point_draft;;;
426;DE;2050;ind_other_steam_gas_0;100;;;;;;;;;1;;1;;;0.8;;;;;;;;;;;;;;;;30;;20;0;0;;;;;;;;;;;;;;;;;;;;;;;;global_emission_factors.natural_gas;0.001202458;0.00057076;;srd_point_draft;;;
427;DE;2060;ind_other_steam_gas_0;100;;;;;;;;;1;;1;;;0.8;;;;;;;;;;;;;;;;30;;20;0;0;;;;;;;;;;;;;;;;;;;;;;;;global_emission_factors.natural_gas;0.001202458;0.00057076;;srd_point_draft;;;
428;DE;2070;ind_other_steam_gas_0;100;;;;;;;;;1;;1;;;0.8;;;;;;;;;;;;;;;;30;;20;0;0;;;;;;;;;;;;;;;;;;;;;;;;global_emission_factors.natural_gas;0.001202458;0.00057076;;srd_point_draft;;;
429;DE;2021;ind_other_steam_gas_1;85;;;;;;;;;1;;1;;;0.900901;;;;;;;;;;;;12.6;202.5;;;30;;0;;0;;;;;;;;;;;;;;;;;;;;;;;;global_emission_factors.natural_gas;0.001202458;0.00057076;;srd_point_draft;;;
430;DE;2024;ind_other_steam_gas_1;85;;;;;;;;;1;;1;;;0.950951;;;;;;;;;;;;12.6;202.5;;;30;;0;;;;;;;;;;;;;;;;;;;;;;;;;;global_emission_factors.natural_gas;0.001202458;0.00057076;;srd_point_draft;;;
431;DE;2027;ind_other_steam_gas_1;85;;;;;;;;;1;;1;;;1.001001;;;;;;;;;;;;12.6;202.5;;;30;;0;;;;;;;;;;;;;;;;;;;;;;;;;;global_emission_factors.natural_gas;0.001202458;0.00057076;;srd_point_draft;;;
432;DE;2030;ind_other_steam_gas_1;85;;;;;;;;;1;;1;;;1.056612;;;;;;;;;;;;12.6;202.5;;;30;;20;;;;;;;;;;;;;;;;;;;;;;;;;;global_emission_factors.natural_gas;0.001202458;0.00057076;;srd_point_draft;;;
433;DE;2035;ind_other_steam_gas_1;85;;;;;;;;;1;;1;;;1.086801;;;;;;;;;;;;12.6;202.5;;;30;;20;;;;;;;;;;;;;;;;;;;;;;;;;;global_emission_factors.natural_gas;0.001202458;0.00057076;;srd_point_draft;;;
434;DE;2040;ind_other_steam_gas_1;85;;;;;;;;;1;;1;;;1.1187655;;;;;;;;;;;;12.6;202.5;;;30;;20;;;;;;;;;;;;;;;;;;;;;;;;;;global_emission_factors.natural_gas;0.001202458;0.00057076;;srd_point_draft;;;
435;DE;2045;ind_other_steam_gas_1;85;;;;;;;;;1;;1;;;1.1187655;;;;;;;;;;;;12.6;202.5;;;30;;20;;;;;;;;;;;;;;;;;;;;;;;;;;global_emission_factors.natural_gas;0.001202458;0.00057076;;srd_point_draft;;;
436;DE;2050;ind_other_steam_gas_1;85;;;;;;;;;1;;1;;;1.1885;;;;;;;;;;;;12.6;202.5;;;30;;20;;;;;;;;;;;;;;;;;;;;;;;;;;global_emission_factors.natural_gas;0.001202458;0.00057076;;srd_point_draft;;;
437;DE;2060;ind_other_steam_gas_1;85;;;;;;;;;1;;1;;;1.1885;;;;;;;;;;;;12.6;202.5;;;30;;20;;;;;;;;;;;;;;;;;;;;;;;;;;global_emission_factors.natural_gas;0.001202458;0.00057076;;srd_point_draft;;;
438;DE;2070;ind_other_steam_gas_1;85;;;;;;;;;1;;1;;;1.1885;;;;;;;;;;;;12.6;202.5;;;30;;20;;;;;;;;;;;;;;;;;;;;;;;;;;global_emission_factors.natural_gas;0.001202458;0.00057076;;srd_point_draft;;;
439;DE;2021;ind_other_steam_heating_oil_0;100;;;;;;;1;;;;;;;0.8;;;;;;;;;;;;;;;;30;;;0.003638632;0;;;;;;;;;;;;;;;global_emission_factors.light_heating_oil;0.004447404;0.004240345;;;;;;;;;;;srd_point_draft;;;
440;DE;2024;ind_other_steam_heating_oil_0;100;;;;;;;1;;;;;;;0.8;;;;;;;;;;;;;;;;30;;;0.003262222;0;;;;;;;;;;;;;;;global_emission_factors.light_heating_oil;0.004447404;0.004240345;;;;;;;;;;;srd_point_draft;;;
441;DE;2027;ind_other_steam_heating_oil_0;100;;;;;;;1;;;;;;;0.8;;;;;;;;;;;;;;;;30;;;0.002885811;0;;;;;;;;;;;;;;;global_emission_factors.light_heating_oil;0.004447404;0.004240345;;;;;;;;;;;srd_point_draft;;;
442;DE;2030;ind_other_steam_heating_oil_0;100;;;;;;;1;;;;;;;0.8;;;;;;;;;;;;;;;;30;;;0.002509401;0;;;;;;;;;;;;;;;global_emission_factors.light_heating_oil;0.004447404;0.004240345;;;;;;;;;;;srd_point_draft;;;
443;DE;2035;ind_other_steam_heating_oil_0;100;;;;;;;1;;;;;;;0.8;;;;;;;;;;;;;;;;30;;;0.001882051;0;;;;;;;;;;;;;;;global_emission_factors.light_heating_oil;0.004447404;0.004240345;;;;;;;;;;;srd_point_draft;;;
444;DE;2040;ind_other_steam_heating_oil_0;100;;;;;;;1;;;;;;;0.8;;;;;;;;;;;;;;;;30;;;0.001254701;0;;;;;;;;;;;;;;;global_emission_factors.light_heating_oil;0.004447404;0.004240345;;;;;;;;;;;srd_point_draft;;;
445;DE;2045;ind_other_steam_heating_oil_0;100;;;;;;;1;;;;;;;0.8;;;;;;;;;;;;;;;;30;;;0.00062735;0;;;;;;;;;;;;;;;global_emission_factors.light_heating_oil;0.004447404;0.004240345;;;;;;;;;;;srd_point_draft;;;
446;DE;2050;ind_other_steam_heating_oil_0;100;;;;;;;1;;;;;;;0.8;;;;;;;;;;;;;;;;30;;;0;0;;;;;;;;;;;;;;;global_emission_factors.light_heating_oil;0.004447404;0.004240345;;;;;;;;;;;srd_point_draft;;;
447;DE;2060;ind_other_steam_heating_oil_0;100;;;;;;;1;;;;;;;0.8;;;;;;;;;;;;;;;;30;;;0;0;;;;;;;;;;;;;;;global_emission_factors.light_heating_oil;0.004447404;0.004240345;;;;;;;;;;;srd_point_draft;;;
448;DE;2070;ind_other_steam_heating_oil_0;100;;;;;;;1;;;;;;;0.8;;;;;;;;;;;;;;;;30;;;0;0;;;;;;;;;;;;;;;global_emission_factors.light_heating_oil;0.004447404;0.004240345;;;;;;;;;;;srd_point_draft;;;
449;DE;2021;ind_other_heatexchanger_steam_dh_0;100;;;;;;;;;;;;;;1;;;1;;;;;;;;;;;;;30;;;0.115109397;0;;;;;;;;;;;;;;;;;;;;;;;;;;;;srd_point_draft;;;
450;DE;2024;ind_other_heatexchanger_steam_dh_0;100;;;;;;;;;;;;;;1;;;1;;;;;;;;;;;;;30;;;0.103201528;0;;;;;;;;;;;;;;;;;;;;;;;;;;;;srd_point_draft;;;
451;DE;2027;ind_other_heatexchanger_steam_dh_0;100;;;;;;;;;;;;;;1;;;1;;;;;;;;;;;;;30;;;0.09129366;0;;;;;;;;;;;;;;;;;;;;;;;;;;;;srd_point_draft;;;
452;DE;2030;ind_other_heatexchanger_steam_dh_0;100;;;;;;;;;;;;;;1;;;1;;;;;;;;;;;;;30;;;0.079385791;0;;;;;;;;;;;;;;;;;;;;;;;;;;;;srd_point_draft;;;
453;DE;2035;ind_other_heatexchanger_steam_dh_0;100;;;;;;;;;;;;;;1;;;1;;;;;;;;;;;;;30;;;0.059539343;0;;;;;;;;;;;;;;;;;;;;;;;;;;;;srd_point_draft;;;
454;DE;2040;ind_other_heatexchanger_steam_dh_0;100;;;;;;;;;;;;;;1;;;1;;;;;;;;;;;;;30;;;0.039692896;0;;;;;;;;;;;;;;;;;;;;;;;;;;;;srd_point_draft;;;
455;DE;2045;ind_other_heatexchanger_steam_dh_0;100;;;;;;;;;;;;;;1;;;1;;;;;;;;;;;;;30;;;0.019846448;0;;;;;;;;;;;;;;;;;;;;;;;;;;;;srd_point_draft;;;
456;DE;2050;ind_other_heatexchanger_steam_dh_0;100;;;;;;;;;;;;;;1;;;1;;;;;;;;;;;;;30;;;0;0;;;;;;;;;;;;;;;;;;;;;;;;;;;;srd_point_draft;;;
457;DE;2060;ind_other_heatexchanger_steam_dh_0;100;;;;;;;;;;;;;;1;;;1;;;;;;;;;;;;;30;;;0;0;;;;;;;;;;;;;;;;;;;;;;;;;;;;srd_point_draft;;;
458;DE;2070;ind_other_heatexchanger_steam_dh_0;100;;;;;;;;;;;;;;1;;;1;;;;;;;;;;;;;30;;;0;0;;;;;;;;;;;;;;;;;;;;;;;;;;;;srd_point_draft;;;
459;DE;2021;ind_other_heatexchanger_steam_dh_1;100;;;;;;;;;;;;;;0.980392157;;;1;;;;;;;;;10;230;;;30;;;;0;;;;;;;;;;;;;;;;;;;;;;;;;;;;srd_point_draft;;;
460;DE;2024;ind_other_heatexchanger_steam_dh_1;100;;;;;;;;;;;;;;1.034858388;;;1;;;;;;;;;10;230;;;30;;;;;;;;;;;;;;;;;;;;;;;;;;;;;;;;srd_point_draft;;;
461;DE;2027;ind_other_heatexchanger_steam_dh_1;100;;;;;;;;;;;;;;1.060658181;;;1;;;;;;;;;10;230;;;30;;;;;;;;;;;;;;;;;;;;;;;;;;;;;;;;srd_point_draft;;;
462;DE;2030;ind_other_heatexchanger_steam_dh_1;100;;;;;;;;;;;;;;1.089324619;;;1;;;;;;;;;10;230;;;30;;;;;;;;;;;;;;;;;;;;;;;;;;;;;;;;srd_point_draft;;;
463;DE;2035;ind_other_heatexchanger_steam_dh_1;100;;;;;;;;;;;;;;1.104572724;;;1;;;;;;;;;10;230;;;30;;;;;;;;;;;;;;;;;;;;;;;;;;;;;;;;srd_point_draft;;;
464;DE;2040;ind_other_heatexchanger_steam_dh_1;100;;;;;;;;;;;;;;1.121363578;;;1;;;;;;;;;10;230;;;30;;;;;;;;;;;;;;;;;;;;;;;;;;;;;;;;srd_point_draft;;;
465;DE;2045;ind_other_heatexchanger_steam_dh_1;100;;;;;;;;;;;;;;1.121363578;;;1;;;;;;;;;10;230;;;30;;;;;;;;;;;;;;;;;;;;;;;;;;;;;;;;srd_point_draft;;;
466;DE;2050;ind_other_heatexchanger_steam_dh_1;100;;;;;;;;;;;;;;1.157407407;;;1;;;;;;;;;10;230;;;30;;;;;;;;;;;;;;;;;;;;;;;;;;;;;;;;srd_point_draft;;;
467;DE;2060;ind_other_heatexchanger_steam_dh_1;100;;;;;;;;;;;;;;1.157407407;;;1;;;;;;;;;10;230;;;30;;;;;;;;;;;;;;;;;;;;;;;;;;;;;;;;srd_point_draft;;;
468;DE;2070;ind_other_heatexchanger_steam_dh_1;100;;;;;;;;;;;;;;1.157407407;;;1;;;;;;;;;10;230;;;30;;;;;;;;;;;;;;;;;;;;;;;;;;;;;;;;srd_point_draft;;;
469;DE;2030;ind_other_steam_hydrogen_1;85;;;;;;;;;1;;;;;0.9;;;;;;;;;;;;12.6;197;;;30;;;;;;;;;;;;;;;;;;;;;;;;;;;;;;;;srd_point_draft;;;
470;DE;2035;ind_other_steam_hydrogen_1;85;;;;;;;;;1;;;;;0.9;;;;;;;;;;;;12.6;197;;;30;;;;;;;;;;;;;;;;;;;;;;;;;;;;;;;;srd_point_draft;;;
471;DE;2040;ind_other_steam_hydrogen_1;85;;;;;;;;;1;;;;;0.9;;;;;;;;;;;;12.6;197;;;30;;;;;;;;;;;;;;;;;;;;;;;;;;;;;;;;srd_point_draft;;;
472;DE;2045;ind_other_steam_hydrogen_1;85;;;;;;;;;1;;;;;0.9;;;;;;;;;;;;12.6;197;;;30;;;;;;;;;;;;;;;;;;;;;;;;;;;;;;;;srd_point_draft;;;
473;DE;2050;ind_other_steam_hydrogen_1;85;;;;;;;;;1;;;;;0.9;;;;;;;;;;;;12.6;197;;;30;;;;;;;;;;;;;;;;;;;;;;;;;;;;;;;;srd_point_draft;;;
474;DE;2060;ind_other_steam_hydrogen_1;85;;;;;;;;;1;;;;;0.9;;;;;;;;;;;;12.6;197;;;30;;;;;;;;;;;;;;;;;;;;;;;;;;;;;;;;srd_point_draft;;;
475;DE;2070;ind_other_steam_hydrogen_1;85;;;;;;;;;1;;;;;0.9;;;;;;;;;;;;12.6;197;;;30;;;;;;;;;;;;;;;;;;;;;;;;;;;;;;;;srd_point_draft;;;
476;DE;2021;ind_other_ict_elc_0;100;;;;;;1;;;;;;;;;1;;;;;;;;;;;;;;;;;;;;;0;;;;;;;;;;;;;;;;;;;;;;;;;;srd_point_draft;;;
477;DE;2024;ind_other_ict_elc_0;100;;;;;;1;;;;;;;;;1;;;;;;;;;;;;;;;;;;;;;0;;;;;;;;;;;;;;;;;;;;;;;;;;srd_point_draft;;;
478;DE;2027;ind_other_ict_elc_0;100;;;;;;1;;;;;;;;;1;;;;;;;;;;;;;;;;;;;;;0;;;;;;;;;;;;;;;;;;;;;;;;;;srd_point_draft;;;
479;DE;2030;ind_other_ict_elc_0;100;;;;;;1;;;;;;;;;1;;;;;;;;;;;;;;;;;;;;;0;;;;;;;;;;;;;;;;;;;;;;;;;;srd_point_draft;;;
480;DE;2035;ind_other_ict_elc_0;100;;;;;;1;;;;;;;;;1;;;;;;;;;;;;;;;;;;;;;0;;;;;;;;;;;;;;;;;;;;;;;;;;srd_point_draft;;;
481;DE;2040;ind_other_ict_elc_0;100;;;;;;1;;;;;;;;;1;;;;;;;;;;;;;;;;;;;;;0;;;;;;;;;;;;;;;;;;;;;;;;;;srd_point_draft;;;
482;DE;2045;ind_other_ict_elc_0;100;;;;;;1;;;;;;;;;1;;;;;;;;;;;;;;;;;;;;;0;;;;;;;;;;;;;;;;;;;;;;;;;;srd_point_draft;;;
483;DE;2050;ind_other_ict_elc_0;100;;;;;;1;;;;;;;;;1;;;;;;;;;;;;;;;;;;;;;0;;;;;;;;;;;;;;;;;;;;;;;;;;srd_point_draft;;;
484;DE;2060;ind_other_ict_elc_0;100;;;;;;1;;;;;;;;;1;;;;;;;;;;;;;;;;;;;;;0;;;;;;;;;;;;;;;;;;;;;;;;;;srd_point_draft;;;
485;DE;2070;ind_other_ict_elc_0;100;;;;;;1;;;;;;;;;1;;;;;;;;;;;;;;;;;;;;;0;;;;;;;;;;;;;;;;;;;;;;;;;;srd_point_draft;;;
486;DE;2021;ind_other_ind_boiler_bio_0;70;;0.65;1;;;;;;;;;;;;;;;;;;;;;;;;;;;30;;;;;1.495;0;;;;global_emission_factors.waste_wood_wood_scraps_industry;0.0018;0.001460838;;;;;;;;;;;;;;;;;;;;srd_point_draft;;;
487;DE;2024;ind_other_ind_boiler_bio_0;70;;0.65;1;;;;;;;;;;;;;;;;;;;;;;;;;;;30;;;;;1.340344828;0;;;;global_emission_factors.waste_wood_wood_scraps_industry;0.0018;0.001460838;;;;;;;;;;;;;;;;;;;;srd_point_draft;;;
488;DE;2027;ind_other_ind_boiler_bio_0;70;;0.65;1;;;;;;;;;;;;;;;;;;;;;;;;;;;30;;;;;1.185689655;0;;;;global_emission_factors.waste_wood_wood_scraps_industry;0.0018;0.001460838;;;;;;;;;;;;;;;;;;;;srd_point_draft;;;
489;DE;2030;ind_other_ind_boiler_bio_0;70;;0.65;1;;;;;;;;;;;;;;;;;;;;;;;;;;;30;;;;;1.031034483;0;;;;global_emission_factors.waste_wood_wood_scraps_industry;0.0018;0.001460838;;;;;;;;;;;;;;;;;;;;srd_point_draft;;;
490;DE;2035;ind_other_ind_boiler_bio_0;70;;0.65;1;;;;;;;;;;;;;;;;;;;;;;;;;;;30;;;;;0.773275862;0;;;;global_emission_factors.waste_wood_wood_scraps_industry;0.0018;0.001460838;;;;;;;;;;;;;;;;;;;;srd_point_draft;;;
491;DE;2040;ind_other_ind_boiler_bio_0;70;;0.65;1;;;;;;;;;;;;;;;;;;;;;;;;;;;30;;;;;0.515517241;0;;;;global_emission_factors.waste_wood_wood_scraps_industry;0.0018;0.001460838;;;;;;;;;;;;;;;;;;;;srd_point_draft;;;
492;DE;2045;ind_other_ind_boiler_bio_0;70;;0.65;1;;;;;;;;;;;;;;;;;;;;;;;;;;;30;;;;;0.257758621;0;;;;global_emission_factors.waste_wood_wood_scraps_industry;0.0018;0.001460838;;;;;;;;;;;;;;;;;;;;srd_point_draft;;;
493;DE;2050;ind_other_ind_boiler_bio_0;70;;0.65;1;;;;;;;;;;;;;;;;;;;;;;;;;;;30;;;;;0;0;;;;global_emission_factors.waste_wood_wood_scraps_industry;0.0018;0.001460838;;;;;;;;;;;;;;;;;;;;srd_point_draft;;;
494;DE;2060;ind_other_ind_boiler_bio_0;70;;0.65;1;;;;;;;;;;;;;;;;;;;;;;;;;;;30;;;;;0;0;;;;global_emission_factors.waste_wood_wood_scraps_industry;0.0018;0.001460838;;;;;;;;;;;;;;;;;;;;srd_point_draft;;;
495;DE;2070;ind_other_ind_boiler_bio_0;70;;0.65;1;;;;;;;;;;;;;;;;;;;;;;;;;;;30;;;;;0;0;;;;global_emission_factors.waste_wood_wood_scraps_industry;0.0018;0.001460838;;;;;;;;;;;;;;;;;;;;srd_point_draft;;;
496;DE;2021;ind_other_ind_boiler_coal_0;70;;0.69;;1;;;;;;;;;;;;;;;;;;;;;;;;;;30;;;;;4.14;0;;;;;;;global_emission_factors.raw_hard_coal_power_stations_industry;0.003921759;0.003570558;;;;;;;;;;;;;;;;;srd_range_draft;;;
497;DE;2024;ind_other_ind_boiler_coal_0;70;;0.69;;1;;;;;;;;;;;;;;;;;;;;;;;;;;30;;;;;3.711724138;0;;;;;;;global_emission_factors.raw_hard_coal_power_stations_industry;0.003921759;0.003570558;;;;;;;;;;;;;;;;;srd_range_draft;;;
498;DE;2027;ind_other_ind_boiler_coal_0;70;;0.69;;1;;;;;;;;;;;;;;;;;;;;;;;;;;30;;;;;3.283448276;0;;;;;;;global_emission_factors.raw_hard_coal_power_stations_industry;0.003921759;0.003570558;;;;;;;;;;;;;;;;;srd_range_draft;;;
499;DE;2030;ind_other_ind_boiler_coal_0;70;;0.69;;1;;;;;;;;;;;;;;;;;;;;;;;;;;30;;;;;2.855172414;0;;;;;;;global_emission_factors.raw_hard_coal_power_stations_industry;0.003921759;0.003570558;;;;;;;;;;;;;;;;;srd_range_draft;;;
500;DE;2035;ind_other_ind_boiler_coal_0;70;;0.69;;1;;;;;;;;;;;;;;;;;;;;;;;;;;30;;;;;2.14137931;0;;;;;;;global_emission_factors.raw_hard_coal_power_stations_industry;0.003921759;0.003570558;;;;;;;;;;;;;;;;;srd_range_draft;;;
501;DE;2040;ind_other_ind_boiler_coal_0;70;;0.69;;1;;;;;;;;;;;;;;;;;;;;;;;;;;30;;;;;1.427586207;0;;;;;;;global_emission_factors.raw_hard_coal_power_stations_industry;0.003921759;0.003570558;;;;;;;;;;;;;;;;;srd_range_draft;;;
502;DE;2045;ind_other_ind_boiler_coal_0;70;;0.69;;1;;;;;;;;;;;;;;;;;;;;;;;;;;30;;;;;0.713793103;0;;;;;;;global_emission_factors.raw_hard_coal_power_stations_industry;0.003921759;0.003570558;;;;;;;;;;;;;;;;;srd_range_draft;;;
503;DE;2050;ind_other_ind_boiler_coal_0;70;;0.69;;1;;;;;;;;;;;;;;;;;;;;;;;;;;30;;;;;0;0;;;;;;;global_emission_factors.raw_hard_coal_power_stations_industry;0.003921759;0.003570558;;;;;;;;;;;;;;;;;srd_range_draft;;;
504;DE;2060;ind_other_ind_boiler_coal_0;70;;0.69;;1;;;;;;;;;;;;;;;;;;;;;;;;;;30;;;;;0;0;;;;;;;global_emission_factors.raw_hard_coal_power_stations_industry;0.003921759;0.003570558;;;;;;;;;;;;;;;;;srd_range_draft;;;
505;DE;2070;ind_other_ind_boiler_coal_0;70;;0.69;;1;;;;;;;;;;;;;;;;;;;;;;;;;;30;;;;;0;0;;;;;;;global_emission_factors.raw_hard_coal_power_stations_industry;0.003921759;0.003570558;;;;;;;;;;;;;;;;;srd_range_draft;;;
506;DE;2021;ind_other_ind_boiler_heavy_fuel_oil_0;32.9;;0.69;;;;;;1;;;;;;;;;;;;;;;;;;;;;;30;;;;;0.138;0;;;;;;;;;;;;;;;;global_emission_factors.heavy_fuel_oil;0.004447404;0.004240345;;;;;;;;;;;
507;DE;2024;ind_other_ind_boiler_heavy_fuel_oil_0;32.9;;0.69;;;;;;1;;;;;;;;;;;;;;;;;;;;;;30;;;;;0.123724138;0;;;;;;;;;;;;;;;;global_emission_factors.heavy_fuel_oil;0.004447404;0.004240345;;;;;;;;;;;
508;DE;2027;ind_other_ind_boiler_heavy_fuel_oil_0;32.9;;0.69;;;;;;1;;;;;;;;;;;;;;;;;;;;;;30;;;;;0.109448276;0;;;;;;;;;;;;;;;;global_emission_factors.heavy_fuel_oil;0.004447404;0.004240345;;;;;;;;;;;
509;DE;2030;ind_other_ind_boiler_heavy_fuel_oil_0;32.9;;0.69;;;;;;1;;;;;;;;;;;;;;;;;;;;;;30;;;;;0.095172414;0;;;;;;;;;;;;;;;;global_emission_factors.heavy_fuel_oil;0.004447404;0.004240345;;;;;;;;;;;
510;DE;2035;ind_other_ind_boiler_heavy_fuel_oil_0;32.9;;0.69;;;;;;1;;;;;;;;;;;;;;;;;;;;;;30;;;;;0.07137931;0;;;;;;;;;;;;;;;;global_emission_factors.heavy_fuel_oil;0.004447404;0.004240345;;;;;;;;;;;
511;DE;2040;ind_other_ind_boiler_heavy_fuel_oil_0;32.9;;0.69;;;;;;1;;;;;;;;;;;;;;;;;;;;;;30;;;;;0.047586207;0;;;;;;;;;;;;;;;;global_emission_factors.heavy_fuel_oil;0.004447404;0.004240345;;;;;;;;;;;
512;DE;2045;ind_other_ind_boiler_heavy_fuel_oil_0;32.9;;0.69;;;;;;1;;;;;;;;;;;;;;;;;;;;;;30;;;;;0.023793103;0;;;;;;;;;;;;;;;;global_emission_factors.heavy_fuel_oil;0.004447404;0.004240345;;;;;;;;;;;
513;DE;2050;ind_other_ind_boiler_heavy_fuel_oil_0;32.9;;0.69;;;;;;1;;;;;;;;;;;;;;;;;;;;;;30;;;;;0;0;;;;;;;;;;;;;;;;global_emission_factors.heavy_fuel_oil;0.004447404;0.004240345;;;;;;;;;;;
514;DE;2060;ind_other_ind_boiler_heavy_fuel_oil_0;32.9;;0.69;;;;;;1;;;;;;;;;;;;;;;;;;;;;;30;;;;;0;0;;;;;;;;;;;;;;;;global_emission_factors.heavy_fuel_oil;0.004447404;0.004240345;;;;;;;;;;;
515;DE;2070;ind_other_ind_boiler_heavy_fuel_oil_0;32.9;;0.69;;;;;;1;;;;;;;;;;;;;;;;;;;;;;30;;;;;0;0;;;;;;;;;;;;;;;;global_emission_factors.heavy_fuel_oil;0.004447404;0.004240345;;;;;;;;;;;
516;DE;2021;ind_other_heat_proc_waste_0;80;;;;;1;;;;;;;0.65;;;;;;;;;;;;;;;;;;30;;;;;0.14;0;;;;;;;;;;global_emission_factors.household_municipal_waste;0.0018;0.001460838;;;;;;;;;;;;;;srd_range_draft;;;
517;DE;2024;ind_other_heat_proc_waste_0;80;;;;;1;;;;;;;0.65;;;;;;;;;;;;;;;;;;30;;;;;0.125517241;0;;;;;;;;;;global_emission_factors.household_municipal_waste;0.0018;0.001460838;;;;;;;;;;;;;;srd_range_draft;;;
518;DE;2027;ind_other_heat_proc_waste_0;80;;;;;1;;;;;;;0.65;;;;;;;;;;;;;;;;;;30;;;;;0.111034483;0;;;;;;;;;;global_emission_factors.household_municipal_waste;0.0018;0.001460838;;;;;;;;;;;;;;srd_range_draft;;;
519;DE;2030;ind_other_heat_proc_waste_0;80;;;;;1;;;;;;;0.65;;;;;;;;;;;;;;;;;;30;;;;;0.096551724;0;;;;;;;;;;global_emission_factors.household_municipal_waste;0.0018;0.001460838;;;;;;;;;;;;;;srd_range_draft;;;
520;DE;2035;ind_other_heat_proc_waste_0;80;;;;;1;;;;;;;0.65;;;;;;;;;;;;;;;;;;30;;;;;0.072413793;0;;;;;;;;;;global_emission_factors.household_municipal_waste;0.0018;0.001460838;;;;;;;;;;;;;;srd_range_draft;;;
521;DE;2040;ind_other_heat_proc_waste_0;80;;;;;1;;;;;;;0.65;;;;;;;;;;;;;;;;;;30;;;;;0.048275862;0;;;;;;;;;;global_emission_factors.household_municipal_waste;0.0018;0.001460838;;;;;;;;;;;;;;srd_range_draft;;;
522;DE;2045;ind_other_heat_proc_waste_0;80;;;;;1;;;;;;;0.65;;;;;;;;;;;;;;;;;;30;;;;;0.024137931;0;;;;;;;;;;global_emission_factors.household_municipal_waste;0.0018;0.001460838;;;;;;;;;;;;;;srd_range_draft;;;
523;DE;2050;ind_other_heat_proc_waste_0;80;;;;;1;;;;;;;0.65;;;;;;;;;;;;;;;;;;30;;;;;0;0;;;;;;;;;;global_emission_factors.household_municipal_waste;0.0018;0.001460838;;;;;;;;;;;;;;srd_range_draft;;;
524;DE;2060;ind_other_heat_proc_waste_0;80;;;;;1;;;;;;;0.65;;;;;;;;;;;;;;;;;;30;;;;;0;0;;;;;;;;;;global_emission_factors.household_municipal_waste;0.0018;0.001460838;;;;;;;;;;;;;;srd_range_draft;;;
525;DE;2070;ind_other_heat_proc_waste_0;80;;;;;1;;;;;;;0.65;;;;;;;;;;;;;;;;;;30;;;;;0;0;;;;;;;;;;global_emission_factors.household_municipal_waste;0.0018;0.001460838;;;;;;;;;;;;;;srd_range_draft;;;
526;DE;2021;ind_other_heatexchanger_hth_dh_0;100;;1;;;;;;;;;;;;;;;1;;;;;;;;;;;;;30;;;0.29724759;0;;;;;;;;;;;;;;;;;;;;;;;;;;;;;;;
527;DE;2024;ind_other_heatexchanger_hth_dh_0;100;;1;;;;;;;;;;;;;;;1;;;;;;;;;;;;;30;;;0.266497839;0;;;;;;;;;;;;;;;;;;;;;;;;;;;;;;;
528;DE;2027;ind_other_heatexchanger_hth_dh_0;100;;1;;;;;;;;;;;;;;;1;;;;;;;;;;;;;30;;;0.235748089;0;;;;;;;;;;;;;;;;;;;;;;;;;;;;;;;
529;DE;2030;ind_other_heatexchanger_hth_dh_0;100;;1;;;;;;;;;;;;;;;1;;;;;;;;;;;;;30;;;0.204998338;0;;;;;;;;;;;;;;;;;;;;;;;;;;;;;;;
530;DE;2035;ind_other_heatexchanger_hth_dh_0;100;;1;;;;;;;;;;;;;;;1;;;;;;;;;;;;;30;;;0.153748753;0;;;;;;;;;;;;;;;;;;;;;;;;;;;;;;;
531;DE;2040;ind_other_heatexchanger_hth_dh_0;100;;1;;;;;;;;;;;;;;;1;;;;;;;;;;;;;30;;;0.102499169;0;;;;;;;;;;;;;;;;;;;;;;;;;;;;;;;
532;DE;2045;ind_other_heatexchanger_hth_dh_0;100;;1;;;;;;;;;;;;;;;1;;;;;;;;;;;;;30;;;0.051249584;0;;;;;;;;;;;;;;;;;;;;;;;;;;;;;;;
533;DE;2050;ind_other_heatexchanger_hth_dh_0;100;;1;;;;;;;;;;;;;;;1;;;;;;;;;;;;;30;;;0;0;;;;;;;;;;;;;;;;;;;;;;;;;;;;;;;
534;DE;2060;ind_other_heatexchanger_hth_dh_0;100;;1;;;;;;;;;;;;;;;1;;;;;;;;;;;;;30;;;0;0;;;;;;;;;;;;;;;;;;;;;;;;;;;;;;;
535;DE;2070;ind_other_heatexchanger_hth_dh_0;100;;1;;;;;;;;;;;;;;;1;;;;;;;;;;;;;30;;;0;0;;;;;;;;;;;;;;;;;;;;;;;;;;;;;;;
536;DE;2021;ind_other_heatexchanger_proc_heat_dh_1;100;;;;;;;;;;;;1;;;;;1;;;;;;;;;10;230;;;30;;;;0;;;;;;;;;;;;;;;;;;;;;;;;;;;;srd_range_draft;;;
537;DE;2024;ind_other_heatexchanger_proc_heat_dh_1;100;;;;;;;;;;;;1;;;;;1;;;;;;;;;10;230;;;30;;;;;;;;;;;;;;;;;;;;;;;;;;;;;;;;srd_range_draft;;;
538;DE;2027;ind_other_heatexchanger_proc_heat_dh_1;100;;;;;;;;;;;;1;;;;;1;;;;;;;;;10;230;;;30;;;;;;;;;;;;;;;;;;;;;;;;;;;;;;;;srd_range_draft;;;
539;DE;2030;ind_other_heatexchanger_proc_heat_dh_1;100;;;;;;;;;;;;1;;;;;1;;;;;;;;;10;230;;;30;;;;;;;;;;;;;;;;;;;;;;;;;;;;;;;;srd_range_draft;;;
540;DE;2035;ind_other_heatexchanger_proc_heat_dh_1;100;;;;;;;;;;;;1;;;;;1;;;;;;;;;10;230;;;30;;;;;;;;;;;;;;;;;;;;;;;;;;;;;;;;srd_range_draft;;;
541;DE;2040;ind_other_heatexchanger_proc_heat_dh_1;100;;;;;;;;;;;;1;;;;;1;;;;;;;;;10;230;;;30;;;;;;;;;;;;;;;;;;;;;;;;;;;;;;;;srd_range_draft;;;
542;DE;2045;ind_other_heatexchanger_proc_heat_dh_1;100;;;;;;;;;;;;1;;;;;1;;;;;;;;;10;230;;;30;;;;;;;;;;;;;;;;;;;;;;;;;;;;;;;;srd_range_draft;;;
543;DE;2050;ind_other_heatexchanger_proc_heat_dh_1;100;;;;;;;;;;;;1;;;;;1;;;;;;;;;10;230;;;30;;;;;;;;;;;;;;;;;;;;;;;;;;;;;;;;srd_range_draft;;;
544;DE;2060;ind_other_heatexchanger_proc_heat_dh_1;100;;;;;;;;;;;;1;;;;;1;;;;;;;;;10;230;;;30;;;;;;;;;;;;;;;;;;;;;;;;;;;;;;;;srd_range_draft;;;
545;DE;2070;ind_other_heatexchanger_proc_heat_dh_1;100;;;;;;;;;;;;1;;;;;1;;;;;;;;;10;230;;;30;;;;;;;;;;;;;;;;;;;;;;;;;;;;;;;;srd_range_draft;;;
546;DE;2021;ind_other_heatexchanger_hth_dh_1;100;;1;;;;;;;;;;;;;;;1;;;;;;;;;10;230;;;30;;;;0;;;;;;;;;;;;;;;;;;;;;;;;;;;;;;;
547;DE;2024;ind_other_heatexchanger_hth_dh_1;100;;1;;;;;;;;;;;;;;;1;;;;;;;;;10;230;;;30;;;;;;;;;;;;;;;;;;;;;;;;;;;;;;;;;;;
548;DE;2027;ind_other_heatexchanger_hth_dh_1;100;;1;;;;;;;;;;;;;;;1;;;;;;;;;10;230;;;30;;;;;;;;;;;;;;;;;;;;;;;;;;;;;;;;;;;
549;DE;2030;ind_other_heatexchanger_hth_dh_1;100;;1;;;;;;;;;;;;;;;1;;;;;;;;;10;230;;;30;;;;;;;;;;;;;;;;;;;;;;;;;;;;;;;;;;;
550;DE;2035;ind_other_heatexchanger_hth_dh_1;100;;1;;;;;;;;;;;;;;;1;;;;;;;;;10;230;;;30;;;;;;;;;;;;;;;;;;;;;;;;;;;;;;;;;;;
551;DE;2040;ind_other_heatexchanger_hth_dh_1;100;;1;;;;;;;;;;;;;;;1;;;;;;;;;10;230;;;30;;;;;;;;;;;;;;;;;;;;;;;;;;;;;;;;;;;
552;DE;2045;ind_other_heatexchanger_hth_dh_1;100;;1;;;;;;;;;;;;;;;1;;;;;;;;;10;230;;;30;;;;;;;;;;;;;;;;;;;;;;;;;;;;;;;;;;;
553;DE;2050;ind_other_heatexchanger_hth_dh_1;100;;1;;;;;;;;;;;;;;;1;;;;;;;;;10;230;;;30;;;;;;;;;;;;;;;;;;;;;;;;;;;;;;;;;;;
554;DE;2060;ind_other_heatexchanger_hth_dh_1;100;;1;;;;;;;;;;;;;;;1;;;;;;;;;10;230;;;30;;;;;;;;;;;;;;;;;;;;;;;;;;;;;;;;;;;
555;DE;2070;ind_other_heatexchanger_hth_dh_1;100;;1;;;;;;;;;;;;;;;1;;;;;;;;;10;230;;;30;;;;;;;;;;;;;;;;;;;;;;;;;;;;;;;;;;;
