id;region;year;type;conversion_factor_sec_elec;conversion_factor_sec_diesel;conversion_factor_sec_hydrogen;conversion_factor_exo_rail_long_pkm;conversion_factor_exo_rail_short_pkm;capacity_tra_inst_0;optional_limitations;cost_fix_tra;cost_var_tra;lifetime;mileage;occupancy_rate;wacc;ef_sec_diesel_emi_co2_f_tra;ef_sec_ethanol_emi_co2_f_tra;ef_sec_diesel_emi_ch4_f_tra;ef_sec_diesel_emi_n2o_f_tra;bandwidth_type;version;method;source;comment
1;DE;2021;tra_rail_oev_pass_long_0;1.0;;;4.27;;663;;0;;30;240000;274;global_scalars.wacc;;;;;;srd_point_draft;{'capacity_tra_inst_0': 'for base year, after linear extrapolation 8DeutscheBahnAG2023', 'conversion_factor_exo_rail_long_pkm': '', 'conversion_factor_sec_elec': '', 'lifetime': '', 'mileage': 'own calculation based on 8DeutscheBahnAG2023', 'occupancy_rate': 'own calculation based on 8DeutscheBahnAG2023, 8DLR&DIW2023'};{'capacity_tra_inst_0': '8DeutscheBahnAG2023', 'conversion_factor_exo_rail_long_pkm': '8Wouter&Pablo2019', 'conversion_factor_sec_elec': '8Wouter&Pablo2019', 'lifetime': '8Aryanpur&Glynn2020', 'mileage': '8DeutscheBahnAG2023', 'occupancy_rate': '8DeutscheBahnAG2023, 8DLR&DIW2023'};{'capacity_tra_inst_0': '', 'conversion_factor_exo_rail_long_pkm': 'unit:BPkm/PJ', 'conversion_factor_sec_elec': 'unit:PJ', 'lifetime': '', 'mileage': '', 'occupancy_rate': ''}
2;DE;2024;tra_rail_oev_pass_long_0;1.0;;;4.27;;597;;0;;30;240000;274;global_scalars.wacc;;;;;;srd_point_draft;{'capacity_tra_inst_0': 'for base year, after linear extrapolation 8DeutscheBahnAG2023', 'conversion_factor_exo_rail_long_pkm': '', 'conversion_factor_sec_elec': '', 'lifetime': '', 'mileage': 'own calculation based on 8DeutscheBahnAG2023', 'occupancy_rate': 'own calculation based on 8DeutscheBahnAG2023, 8DLR&DIW2023'};{'capacity_tra_inst_0': '8DeutscheBahnAG2023', 'conversion_factor_exo_rail_long_pkm': '8Wouter&Pablo2019', 'conversion_factor_sec_elec': '8Wouter&Pablo2019', 'lifetime': '8Aryanpur&Glynn2020', 'mileage': '8DeutscheBahnAG2023', 'occupancy_rate': '8DeutscheBahnAG2023, 8DLR&DIW2023'};{'capacity_tra_inst_0': '', 'conversion_factor_exo_rail_long_pkm': 'unit:BPkm/PJ', 'conversion_factor_sec_elec': 'unit:PJ', 'lifetime': '', 'mileage': '', 'occupancy_rate': ''}
3;DE;2027;tra_rail_oev_pass_long_0;1.0;;;4.27;;531;;0;;30;240000;274;global_scalars.wacc;;;;;;srd_point_draft;{'capacity_tra_inst_0': 'for base year, after linear extrapolation 8DeutscheBahnAG2023', 'conversion_factor_exo_rail_long_pkm': '', 'conversion_factor_sec_elec': '', 'lifetime': '', 'mileage': 'own calculation based on 8DeutscheBahnAG2023', 'occupancy_rate': 'own calculation based on 8DeutscheBahnAG2023, 8DLR&DIW2023'};{'capacity_tra_inst_0': '8DeutscheBahnAG2023', 'conversion_factor_exo_rail_long_pkm': '8Wouter&Pablo2019', 'conversion_factor_sec_elec': '8Wouter&Pablo2019', 'lifetime': '8Aryanpur&Glynn2020', 'mileage': '8DeutscheBahnAG2023', 'occupancy_rate': '8DeutscheBahnAG2023, 8DLR&DIW2023'};{'capacity_tra_inst_0': '', 'conversion_factor_exo_rail_long_pkm': 'unit:BPkm/PJ', 'conversion_factor_sec_elec': 'unit:PJ', 'lifetime': '', 'mileage': '', 'occupancy_rate': ''}
4;DE;2030;tra_rail_oev_pass_long_0;1.0;;;4.27;;465;;0;;30;240000;274;global_scalars.wacc;;;;;;srd_point_draft;{'capacity_tra_inst_0': 'for base year, after linear extrapolation 8DeutscheBahnAG2023', 'conversion_factor_exo_rail_long_pkm': '', 'conversion_factor_sec_elec': '', 'lifetime': '', 'mileage': 'own calculation based on 8DeutscheBahnAG2023', 'occupancy_rate': 'own calculation based on 8DeutscheBahnAG2023, 8DLR&DIW2023'};{'capacity_tra_inst_0': '8DeutscheBahnAG2023', 'conversion_factor_exo_rail_long_pkm': '8Wouter&Pablo2019', 'conversion_factor_sec_elec': '8Wouter&Pablo2019', 'lifetime': '8Aryanpur&Glynn2020', 'mileage': '8DeutscheBahnAG2023', 'occupancy_rate': '8DeutscheBahnAG2023, 8DLR&DIW2023'};{'capacity_tra_inst_0': '', 'conversion_factor_exo_rail_long_pkm': 'unit:BPkm/PJ', 'conversion_factor_sec_elec': 'unit:PJ', 'lifetime': '', 'mileage': '', 'occupancy_rate': ''}
5;DE;2035;tra_rail_oev_pass_long_0;1.0;;;4.27;;355;;0;;30;240000;274;global_scalars.wacc;;;;;;srd_point_draft;{'capacity_tra_inst_0': 'for base year, after linear extrapolation 8DeutscheBahnAG2023', 'conversion_factor_exo_rail_long_pkm': '', 'conversion_factor_sec_elec': '', 'lifetime': '', 'mileage': 'own calculation based on 8DeutscheBahnAG2023', 'occupancy_rate': 'own calculation based on 8DeutscheBahnAG2023, 8DLR&DIW2023'};{'capacity_tra_inst_0': '8DeutscheBahnAG2023', 'conversion_factor_exo_rail_long_pkm': '8Wouter&Pablo2019', 'conversion_factor_sec_elec': '8Wouter&Pablo2019', 'lifetime': '8Aryanpur&Glynn2020', 'mileage': '8DeutscheBahnAG2023', 'occupancy_rate': '8DeutscheBahnAG2023, 8DLR&DIW2023'};{'capacity_tra_inst_0': '', 'conversion_factor_exo_rail_long_pkm': 'unit:BPkm/PJ', 'conversion_factor_sec_elec': 'unit:PJ', 'lifetime': '', 'mileage': '', 'occupancy_rate': ''}
6;DE;2040;tra_rail_oev_pass_long_0;1.0;;;4.27;;245;;0;;30;240000;274;global_scalars.wacc;;;;;;srd_point_draft;{'capacity_tra_inst_0': 'for base year, after linear extrapolation 8DeutscheBahnAG2023', 'conversion_factor_exo_rail_long_pkm': '', 'conversion_factor_sec_elec': '', 'lifetime': '', 'mileage': 'own calculation based on 8DeutscheBahnAG2023', 'occupancy_rate': 'own calculation based on 8DeutscheBahnAG2023, 8DLR&DIW2023'};{'capacity_tra_inst_0': '8DeutscheBahnAG2023', 'conversion_factor_exo_rail_long_pkm': '8Wouter&Pablo2019', 'conversion_factor_sec_elec': '8Wouter&Pablo2019', 'lifetime': '8Aryanpur&Glynn2020', 'mileage': '8DeutscheBahnAG2023', 'occupancy_rate': '8DeutscheBahnAG2023, 8DLR&DIW2023'};{'capacity_tra_inst_0': '', 'conversion_factor_exo_rail_long_pkm': 'unit:BPkm/PJ', 'conversion_factor_sec_elec': 'unit:PJ', 'lifetime': '', 'mileage': '', 'occupancy_rate': ''}
7;DE;2045;tra_rail_oev_pass_long_0;1.0;;;4.27;;135;;0;;30;240000;274;global_scalars.wacc;;;;;;srd_point_draft;{'capacity_tra_inst_0': 'for base year, after linear extrapolation 8DeutscheBahnAG2023', 'conversion_factor_exo_rail_long_pkm': '', 'conversion_factor_sec_elec': '', 'lifetime': '', 'mileage': 'own calculation based on 8DeutscheBahnAG2023', 'occupancy_rate': 'own calculation based on 8DeutscheBahnAG2023, 8DLR&DIW2023'};{'capacity_tra_inst_0': '8DeutscheBahnAG2023', 'conversion_factor_exo_rail_long_pkm': '8Wouter&Pablo2019', 'conversion_factor_sec_elec': '8Wouter&Pablo2019', 'lifetime': '8Aryanpur&Glynn2020', 'mileage': '8DeutscheBahnAG2023', 'occupancy_rate': '8DeutscheBahnAG2023, 8DLR&DIW2023'};{'capacity_tra_inst_0': '', 'conversion_factor_exo_rail_long_pkm': 'unit:BPkm/PJ', 'conversion_factor_sec_elec': 'unit:PJ', 'lifetime': '', 'mileage': '', 'occupancy_rate': ''}
8;DE;2050;tra_rail_oev_pass_long_0;1.0;;;4.27;;0;;0;;30;240000;274;global_scalars.wacc;;;;;;srd_point_draft;{'capacity_tra_inst_0': 'for base year, after linear extrapolation 8DeutscheBahnAG2023', 'conversion_factor_exo_rail_long_pkm': '', 'conversion_factor_sec_elec': '', 'lifetime': '', 'mileage': 'own calculation based on 8DeutscheBahnAG2023', 'occupancy_rate': 'own calculation based on 8DeutscheBahnAG2023, 8DLR&DIW2023'};{'capacity_tra_inst_0': '8DeutscheBahnAG2023', 'conversion_factor_exo_rail_long_pkm': '8Wouter&Pablo2019', 'conversion_factor_sec_elec': '8Wouter&Pablo2019', 'lifetime': '8Aryanpur&Glynn2020', 'mileage': '8DeutscheBahnAG2023', 'occupancy_rate': '8DeutscheBahnAG2023, 8DLR&DIW2023'};{'capacity_tra_inst_0': '', 'conversion_factor_exo_rail_long_pkm': 'unit:BPkm/PJ', 'conversion_factor_sec_elec': 'unit:PJ', 'lifetime': '', 'mileage': '', 'occupancy_rate': ''}
9;DE;2060;tra_rail_oev_pass_long_0;1.0;;;4.27;;0;;0;;30;240000;274;global_scalars.wacc;;;;;;srd_point_draft;{'capacity_tra_inst_0': 'for base year, after linear extrapolation 8DeutscheBahnAG2023', 'conversion_factor_exo_rail_long_pkm': '', 'conversion_factor_sec_elec': '', 'lifetime': '', 'mileage': 'own calculation based on 8DeutscheBahnAG2023', 'occupancy_rate': 'own calculation based on 8DeutscheBahnAG2023, 8DLR&DIW2023'};{'capacity_tra_inst_0': '8DeutscheBahnAG2023', 'conversion_factor_exo_rail_long_pkm': '8Wouter&Pablo2019', 'conversion_factor_sec_elec': '8Wouter&Pablo2019', 'lifetime': '8Aryanpur&Glynn2020', 'mileage': '8DeutscheBahnAG2023', 'occupancy_rate': '8DeutscheBahnAG2023, 8DLR&DIW2023'};{'capacity_tra_inst_0': '', 'conversion_factor_exo_rail_long_pkm': 'unit:BPkm/PJ', 'conversion_factor_sec_elec': 'unit:PJ', 'lifetime': '', 'mileage': '', 'occupancy_rate': ''}
10;DE;2070;tra_rail_oev_pass_long_0;1.0;;;4.27;;0;;0;;30;240000;274;global_scalars.wacc;;;;;;srd_point_draft;{'capacity_tra_inst_0': 'for base year, after linear extrapolation 8DeutscheBahnAG2023', 'conversion_factor_exo_rail_long_pkm': '', 'conversion_factor_sec_elec': '', 'lifetime': '', 'mileage': 'own calculation based on 8DeutscheBahnAG2023', 'occupancy_rate': 'own calculation based on 8DeutscheBahnAG2023, 8DLR&DIW2023'};{'capacity_tra_inst_0': '8DeutscheBahnAG2023', 'conversion_factor_exo_rail_long_pkm': '8Wouter&Pablo2019', 'conversion_factor_sec_elec': '8Wouter&Pablo2019', 'lifetime': '8Aryanpur&Glynn2020', 'mileage': '8DeutscheBahnAG2023', 'occupancy_rate': '8DeutscheBahnAG2023, 8DLR&DIW2023'};{'capacity_tra_inst_0': '', 'conversion_factor_exo_rail_long_pkm': 'unit:BPkm/PJ', 'conversion_factor_sec_elec': 'unit:PJ', 'lifetime': '', 'mileage': '', 'occupancy_rate': ''}
11;DE;2021;tra_rail_ice_pass_long_diesel_0;;1.0;;2.18;;30;;0;;30;132416;100;global_scalars.wacc;global_emission_factors.diesel_fuel;;0.87;0.56;;srd_point_draft;{'capacity_tra_inst_0': 'own calculation based on, for base year, after linear extrapolation 8DeutscheBahnAG2023', 'conversion_factor_exo_rail_long_pkm': '', 'conversion_factor_sec_diesel': '', 'ef_sec_diesel_emi_ch4_f_tra': '', 'ef_sec_diesel_emi_co2_f_tra': '', 'ef_sec_diesel_emi_n2o_f_tra': '', 'lifetime': '', 'mileage': 'own calculation based on 8DeutscheBahnAG2023', 'occupancy_rate': ''};{'capacity_tra_inst_0': '8DeutscheBahnAG2023', 'conversion_factor_exo_rail_long_pkm': '8Wouter&Pablo2019', 'conversion_factor_sec_diesel': '8Wouter&Pablo2019', 'ef_sec_diesel_emi_ch4_f_tra': '8UNFCCC2021', 'ef_sec_diesel_emi_co2_f_tra': '8UNFCCC2021', 'ef_sec_diesel_emi_n2o_f_tra': '8UNFCCC2021', 'lifetime': '8Aryanpur&Glynn2020', 'mileage': '8DeutscheBahnAG2023', 'occupancy_rate': '8Wouter&Pablo2019'};{'capacity_tra_inst_0': '', 'conversion_factor_exo_rail_long_pkm': 'unit:BPkm/PJ', 'conversion_factor_sec_diesel': 'unit:PJ', 'ef_sec_diesel_emi_ch4_f_tra': 'unit:t/PJ', 'ef_sec_diesel_emi_co2_f_tra': 'unit:t/PJ', 'ef_sec_diesel_emi_n2o_f_tra': 'unit:t/PJ', 'lifetime': '', 'mileage': '', 'occupancy_rate': ''}
12;DE;2024;tra_rail_ice_pass_long_diesel_0;;1.0;;2.18;;27;;0;;30;132416;100;global_scalars.wacc;global_emission_factors.diesel_fuel;;0.87;0.56;;srd_point_draft;{'capacity_tra_inst_0': 'own calculation based on, for base year, after linear extrapolation 8DeutscheBahnAG2023', 'conversion_factor_exo_rail_long_pkm': '', 'conversion_factor_sec_diesel': '', 'ef_sec_diesel_emi_ch4_f_tra': '', 'ef_sec_diesel_emi_co2_f_tra': '', 'ef_sec_diesel_emi_n2o_f_tra': '', 'lifetime': '', 'mileage': 'own calculation based on 8DeutscheBahnAG2023', 'occupancy_rate': ''};{'capacity_tra_inst_0': '8DeutscheBahnAG2023', 'conversion_factor_exo_rail_long_pkm': '8Wouter&Pablo2019', 'conversion_factor_sec_diesel': '8Wouter&Pablo2019', 'ef_sec_diesel_emi_ch4_f_tra': '8UNFCCC2021', 'ef_sec_diesel_emi_co2_f_tra': '8UNFCCC2021', 'ef_sec_diesel_emi_n2o_f_tra': '8UNFCCC2021', 'lifetime': '8Aryanpur&Glynn2020', 'mileage': '8DeutscheBahnAG2023', 'occupancy_rate': '8Wouter&Pablo2019'};{'capacity_tra_inst_0': '', 'conversion_factor_exo_rail_long_pkm': 'unit:BPkm/PJ', 'conversion_factor_sec_diesel': 'unit:PJ', 'ef_sec_diesel_emi_ch4_f_tra': 'unit:t/PJ', 'ef_sec_diesel_emi_co2_f_tra': 'unit:t/PJ', 'ef_sec_diesel_emi_n2o_f_tra': 'unit:t/PJ', 'lifetime': '', 'mileage': '', 'occupancy_rate': ''}
13;DE;2027;tra_rail_ice_pass_long_diesel_0;;1.0;;2.18;;24;;0;;30;132416;100;global_scalars.wacc;global_emission_factors.diesel_fuel;;0.87;0.56;;srd_point_draft;{'capacity_tra_inst_0': 'own calculation based on, for base year, after linear extrapolation 8DeutscheBahnAG2023', 'conversion_factor_exo_rail_long_pkm': '', 'conversion_factor_sec_diesel': '', 'ef_sec_diesel_emi_ch4_f_tra': '', 'ef_sec_diesel_emi_co2_f_tra': '', 'ef_sec_diesel_emi_n2o_f_tra': '', 'lifetime': '', 'mileage': 'own calculation based on 8DeutscheBahnAG2023', 'occupancy_rate': ''};{'capacity_tra_inst_0': '8DeutscheBahnAG2023', 'conversion_factor_exo_rail_long_pkm': '8Wouter&Pablo2019', 'conversion_factor_sec_diesel': '8Wouter&Pablo2019', 'ef_sec_diesel_emi_ch4_f_tra': '8UNFCCC2021', 'ef_sec_diesel_emi_co2_f_tra': '8UNFCCC2021', 'ef_sec_diesel_emi_n2o_f_tra': '8UNFCCC2021', 'lifetime': '8Aryanpur&Glynn2020', 'mileage': '8DeutscheBahnAG2023', 'occupancy_rate': '8Wouter&Pablo2019'};{'capacity_tra_inst_0': '', 'conversion_factor_exo_rail_long_pkm': 'unit:BPkm/PJ', 'conversion_factor_sec_diesel': 'unit:PJ', 'ef_sec_diesel_emi_ch4_f_tra': 'unit:t/PJ', 'ef_sec_diesel_emi_co2_f_tra': 'unit:t/PJ', 'ef_sec_diesel_emi_n2o_f_tra': 'unit:t/PJ', 'lifetime': '', 'mileage': '', 'occupancy_rate': ''}
14;DE;2030;tra_rail_ice_pass_long_diesel_0;;1.0;;2.18;;21;;0;;30;132416;100;global_scalars.wacc;global_emission_factors.diesel_fuel;;0.87;0.56;;srd_point_draft;{'capacity_tra_inst_0': 'own calculation based on, for base year, after linear extrapolation 8DeutscheBahnAG2023', 'conversion_factor_exo_rail_long_pkm': '', 'conversion_factor_sec_diesel': '', 'ef_sec_diesel_emi_ch4_f_tra': '', 'ef_sec_diesel_emi_co2_f_tra': '', 'ef_sec_diesel_emi_n2o_f_tra': '', 'lifetime': '', 'mileage': 'own calculation based on 8DeutscheBahnAG2023', 'occupancy_rate': ''};{'capacity_tra_inst_0': '8DeutscheBahnAG2023', 'conversion_factor_exo_rail_long_pkm': '8Wouter&Pablo2019', 'conversion_factor_sec_diesel': '8Wouter&Pablo2019', 'ef_sec_diesel_emi_ch4_f_tra': '8UNFCCC2021', 'ef_sec_diesel_emi_co2_f_tra': '8UNFCCC2021', 'ef_sec_diesel_emi_n2o_f_tra': '8UNFCCC2021', 'lifetime': '8Aryanpur&Glynn2020', 'mileage': '8DeutscheBahnAG2023', 'occupancy_rate': '8Wouter&Pablo2019'};{'capacity_tra_inst_0': '', 'conversion_factor_exo_rail_long_pkm': 'unit:BPkm/PJ', 'conversion_factor_sec_diesel': 'unit:PJ', 'ef_sec_diesel_emi_ch4_f_tra': 'unit:t/PJ', 'ef_sec_diesel_emi_co2_f_tra': 'unit:t/PJ', 'ef_sec_diesel_emi_n2o_f_tra': 'unit:t/PJ', 'lifetime': '', 'mileage': '', 'occupancy_rate': ''}
15;DE;2035;tra_rail_ice_pass_long_diesel_0;;1.0;;2.18;;16;;0;;30;132416;100;global_scalars.wacc;global_emission_factors.diesel_fuel;;0.87;0.56;;srd_point_draft;{'capacity_tra_inst_0': 'own calculation based on, for base year, after linear extrapolation 8DeutscheBahnAG2023', 'conversion_factor_exo_rail_long_pkm': '', 'conversion_factor_sec_diesel': '', 'ef_sec_diesel_emi_ch4_f_tra': '', 'ef_sec_diesel_emi_co2_f_tra': '', 'ef_sec_diesel_emi_n2o_f_tra': '', 'lifetime': '', 'mileage': 'own calculation based on 8DeutscheBahnAG2023', 'occupancy_rate': ''};{'capacity_tra_inst_0': '8DeutscheBahnAG2023', 'conversion_factor_exo_rail_long_pkm': '8Wouter&Pablo2019', 'conversion_factor_sec_diesel': '8Wouter&Pablo2019', 'ef_sec_diesel_emi_ch4_f_tra': '8UNFCCC2021', 'ef_sec_diesel_emi_co2_f_tra': '8UNFCCC2021', 'ef_sec_diesel_emi_n2o_f_tra': '8UNFCCC2021', 'lifetime': '8Aryanpur&Glynn2020', 'mileage': '8DeutscheBahnAG2023', 'occupancy_rate': '8Wouter&Pablo2019'};{'capacity_tra_inst_0': '', 'conversion_factor_exo_rail_long_pkm': 'unit:BPkm/PJ', 'conversion_factor_sec_diesel': 'unit:PJ', 'ef_sec_diesel_emi_ch4_f_tra': 'unit:t/PJ', 'ef_sec_diesel_emi_co2_f_tra': 'unit:t/PJ', 'ef_sec_diesel_emi_n2o_f_tra': 'unit:t/PJ', 'lifetime': '', 'mileage': '', 'occupancy_rate': ''}
16;DE;2040;tra_rail_ice_pass_long_diesel_0;;1.0;;2.18;;11;;0;;30;132416;100;global_scalars.wacc;global_emission_factors.diesel_fuel;;0.87;0.56;;srd_point_draft;{'capacity_tra_inst_0': 'own calculation based on, for base year, after linear extrapolation 8DeutscheBahnAG2023', 'conversion_factor_exo_rail_long_pkm': '', 'conversion_factor_sec_diesel': '', 'ef_sec_diesel_emi_ch4_f_tra': '', 'ef_sec_diesel_emi_co2_f_tra': '', 'ef_sec_diesel_emi_n2o_f_tra': '', 'lifetime': '', 'mileage': 'own calculation based on 8DeutscheBahnAG2023', 'occupancy_rate': ''};{'capacity_tra_inst_0': '8DeutscheBahnAG2023', 'conversion_factor_exo_rail_long_pkm': '8Wouter&Pablo2019', 'conversion_factor_sec_diesel': '8Wouter&Pablo2019', 'ef_sec_diesel_emi_ch4_f_tra': '8UNFCCC2021', 'ef_sec_diesel_emi_co2_f_tra': '8UNFCCC2021', 'ef_sec_diesel_emi_n2o_f_tra': '8UNFCCC2021', 'lifetime': '8Aryanpur&Glynn2020', 'mileage': '8DeutscheBahnAG2023', 'occupancy_rate': '8Wouter&Pablo2019'};{'capacity_tra_inst_0': '', 'conversion_factor_exo_rail_long_pkm': 'unit:BPkm/PJ', 'conversion_factor_sec_diesel': 'unit:PJ', 'ef_sec_diesel_emi_ch4_f_tra': 'unit:t/PJ', 'ef_sec_diesel_emi_co2_f_tra': 'unit:t/PJ', 'ef_sec_diesel_emi_n2o_f_tra': 'unit:t/PJ', 'lifetime': '', 'mileage': '', 'occupancy_rate': ''}
17;DE;2045;tra_rail_ice_pass_long_diesel_0;;1.0;;2.18;;6;;0;;30;132416;100;global_scalars.wacc;global_emission_factors.diesel_fuel;;0.87;0.56;;srd_point_draft;{'capacity_tra_inst_0': 'own calculation based on, for base year, after linear extrapolation 8DeutscheBahnAG2023', 'conversion_factor_exo_rail_long_pkm': '', 'conversion_factor_sec_diesel': '', 'ef_sec_diesel_emi_ch4_f_tra': '', 'ef_sec_diesel_emi_co2_f_tra': '', 'ef_sec_diesel_emi_n2o_f_tra': '', 'lifetime': '', 'mileage': 'own calculation based on 8DeutscheBahnAG2023', 'occupancy_rate': ''};{'capacity_tra_inst_0': '8DeutscheBahnAG2023', 'conversion_factor_exo_rail_long_pkm': '8Wouter&Pablo2019', 'conversion_factor_sec_diesel': '8Wouter&Pablo2019', 'ef_sec_diesel_emi_ch4_f_tra': '8UNFCCC2021', 'ef_sec_diesel_emi_co2_f_tra': '8UNFCCC2021', 'ef_sec_diesel_emi_n2o_f_tra': '8UNFCCC2021', 'lifetime': '8Aryanpur&Glynn2020', 'mileage': '8DeutscheBahnAG2023', 'occupancy_rate': '8Wouter&Pablo2019'};{'capacity_tra_inst_0': '', 'conversion_factor_exo_rail_long_pkm': 'unit:BPkm/PJ', 'conversion_factor_sec_diesel': 'unit:PJ', 'ef_sec_diesel_emi_ch4_f_tra': 'unit:t/PJ', 'ef_sec_diesel_emi_co2_f_tra': 'unit:t/PJ', 'ef_sec_diesel_emi_n2o_f_tra': 'unit:t/PJ', 'lifetime': '', 'mileage': '', 'occupancy_rate': ''}
18;DE;2050;tra_rail_ice_pass_long_diesel_0;;1.0;;2.18;;0;;0;;30;132416;100;global_scalars.wacc;global_emission_factors.diesel_fuel;;0.87;0.56;;srd_point_draft;{'capacity_tra_inst_0': 'own calculation based on, for base year, after linear extrapolation 8DeutscheBahnAG2023', 'conversion_factor_exo_rail_long_pkm': '', 'conversion_factor_sec_diesel': '', 'ef_sec_diesel_emi_ch4_f_tra': '', 'ef_sec_diesel_emi_co2_f_tra': '', 'ef_sec_diesel_emi_n2o_f_tra': '', 'lifetime': '', 'mileage': 'own calculation based on 8DeutscheBahnAG2023', 'occupancy_rate': ''};{'capacity_tra_inst_0': '8DeutscheBahnAG2023', 'conversion_factor_exo_rail_long_pkm': '8Wouter&Pablo2019', 'conversion_factor_sec_diesel': '8Wouter&Pablo2019', 'ef_sec_diesel_emi_ch4_f_tra': '8UNFCCC2021', 'ef_sec_diesel_emi_co2_f_tra': '8UNFCCC2021', 'ef_sec_diesel_emi_n2o_f_tra': '8UNFCCC2021', 'lifetime': '8Aryanpur&Glynn2020', 'mileage': '8DeutscheBahnAG2023', 'occupancy_rate': '8Wouter&Pablo2019'};{'capacity_tra_inst_0': '', 'conversion_factor_exo_rail_long_pkm': 'unit:BPkm/PJ', 'conversion_factor_sec_diesel': 'unit:PJ', 'ef_sec_diesel_emi_ch4_f_tra': 'unit:t/PJ', 'ef_sec_diesel_emi_co2_f_tra': 'unit:t/PJ', 'ef_sec_diesel_emi_n2o_f_tra': 'unit:t/PJ', 'lifetime': '', 'mileage': '', 'occupancy_rate': ''}
19;DE;2060;tra_rail_ice_pass_long_diesel_0;;1.0;;2.18;;0;;0;;30;132416;100;global_scalars.wacc;global_emission_factors.diesel_fuel;;0.87;0.56;;srd_point_draft;{'capacity_tra_inst_0': 'own calculation based on, for base year, after linear extrapolation 8DeutscheBahnAG2023', 'conversion_factor_exo_rail_long_pkm': '', 'conversion_factor_sec_diesel': '', 'ef_sec_diesel_emi_ch4_f_tra': '', 'ef_sec_diesel_emi_co2_f_tra': '', 'ef_sec_diesel_emi_n2o_f_tra': '', 'lifetime': '', 'mileage': 'own calculation based on 8DeutscheBahnAG2023', 'occupancy_rate': ''};{'capacity_tra_inst_0': '8DeutscheBahnAG2023', 'conversion_factor_exo_rail_long_pkm': '8Wouter&Pablo2019', 'conversion_factor_sec_diesel': '8Wouter&Pablo2019', 'ef_sec_diesel_emi_ch4_f_tra': '8UNFCCC2021', 'ef_sec_diesel_emi_co2_f_tra': '8UNFCCC2021', 'ef_sec_diesel_emi_n2o_f_tra': '8UNFCCC2021', 'lifetime': '8Aryanpur&Glynn2020', 'mileage': '8DeutscheBahnAG2023', 'occupancy_rate': '8Wouter&Pablo2019'};{'capacity_tra_inst_0': '', 'conversion_factor_exo_rail_long_pkm': 'unit:BPkm/PJ', 'conversion_factor_sec_diesel': 'unit:PJ', 'ef_sec_diesel_emi_ch4_f_tra': 'unit:t/PJ', 'ef_sec_diesel_emi_co2_f_tra': 'unit:t/PJ', 'ef_sec_diesel_emi_n2o_f_tra': 'unit:t/PJ', 'lifetime': '', 'mileage': '', 'occupancy_rate': ''}
20;DE;2070;tra_rail_ice_pass_long_diesel_0;;1.0;;2.18;;0;;0;;30;132416;100;global_scalars.wacc;global_emission_factors.diesel_fuel;;0.87;0.56;;srd_point_draft;{'capacity_tra_inst_0': 'own calculation based on, for base year, after linear extrapolation 8DeutscheBahnAG2023', 'conversion_factor_exo_rail_long_pkm': '', 'conversion_factor_sec_diesel': '', 'ef_sec_diesel_emi_ch4_f_tra': '', 'ef_sec_diesel_emi_co2_f_tra': '', 'ef_sec_diesel_emi_n2o_f_tra': '', 'lifetime': '', 'mileage': 'own calculation based on 8DeutscheBahnAG2023', 'occupancy_rate': ''};{'capacity_tra_inst_0': '8DeutscheBahnAG2023', 'conversion_factor_exo_rail_long_pkm': '8Wouter&Pablo2019', 'conversion_factor_sec_diesel': '8Wouter&Pablo2019', 'ef_sec_diesel_emi_ch4_f_tra': '8UNFCCC2021', 'ef_sec_diesel_emi_co2_f_tra': '8UNFCCC2021', 'ef_sec_diesel_emi_n2o_f_tra': '8UNFCCC2021', 'lifetime': '8Aryanpur&Glynn2020', 'mileage': '8DeutscheBahnAG2023', 'occupancy_rate': '8Wouter&Pablo2019'};{'capacity_tra_inst_0': '', 'conversion_factor_exo_rail_long_pkm': 'unit:BPkm/PJ', 'conversion_factor_sec_diesel': 'unit:PJ', 'ef_sec_diesel_emi_ch4_f_tra': 'unit:t/PJ', 'ef_sec_diesel_emi_co2_f_tra': 'unit:t/PJ', 'ef_sec_diesel_emi_n2o_f_tra': 'unit:t/PJ', 'lifetime': '', 'mileage': '', 'occupancy_rate': ''}
21;DE;2021;tra_rail_fcev_pass_long_hydrogen_0;;;1.0;2.44;;1;;63000;;30;102000;100;global_scalars.wacc;;;;;;srd_point_draft;{'capacity_tra_inst_0': 'for base year, after linear extrapolation 8DeutscheBahnAG2022', 'conversion_factor_exo_rail_long_pkm': '', 'conversion_factor_sec_hydrogen': '', 'cost_fix_tra': '', 'lifetime': '', 'mileage': '', 'occupancy_rate': 'own calculation based on 8DeutscheBahnAG2023, 8DLR&DIW2023'};{'capacity_tra_inst_0': '8DeutscheBahnAG2022', 'conversion_factor_exo_rail_long_pkm': '8Kuder2014', 'conversion_factor_sec_hydrogen': '8Kuder2014', 'cost_fix_tra': '8SCIVerkehr2020', 'lifetime': '8Pagenkopfetal2020', 'mileage': '8Kuder2014', 'occupancy_rate': '8DeutscheBahnAG2023, 8DLR&DIW2023'};{'capacity_tra_inst_0': '', 'conversion_factor_exo_rail_long_pkm': 'unit:BPkm/PJ', 'conversion_factor_sec_hydrogen': 'unit:PJ', 'cost_fix_tra': '', 'lifetime': '', 'mileage': 'adopted from convetional trains', 'occupancy_rate': ''}
22;DE;2024;tra_rail_fcev_pass_long_hydrogen_0;;;1.0;2.44;;1;;63000;;30;102000;100;global_scalars.wacc;;;;;;srd_point_draft;{'capacity_tra_inst_0': 'for base year, after linear extrapolation 8DeutscheBahnAG2022', 'conversion_factor_exo_rail_long_pkm': '', 'conversion_factor_sec_hydrogen': '', 'cost_fix_tra': '', 'lifetime': '', 'mileage': '', 'occupancy_rate': 'own calculation based on 8DeutscheBahnAG2023, 8DLR&DIW2023'};{'capacity_tra_inst_0': '8DeutscheBahnAG2022', 'conversion_factor_exo_rail_long_pkm': '8Kuder2014', 'conversion_factor_sec_hydrogen': '8Kuder2014', 'cost_fix_tra': '8SCIVerkehr2020', 'lifetime': '8Pagenkopfetal2020', 'mileage': '8Kuder2014', 'occupancy_rate': '8DeutscheBahnAG2023, 8DLR&DIW2023'};{'capacity_tra_inst_0': '', 'conversion_factor_exo_rail_long_pkm': 'unit:BPkm/PJ', 'conversion_factor_sec_hydrogen': 'unit:PJ', 'cost_fix_tra': '', 'lifetime': '', 'mileage': 'adopted from convetional trains', 'occupancy_rate': ''}
23;DE;2027;tra_rail_fcev_pass_long_hydrogen_0;;;1.0;2.44;;1;;63000;;30;102000;100;global_scalars.wacc;;;;;;srd_point_draft;{'capacity_tra_inst_0': 'for base year, after linear extrapolation 8DeutscheBahnAG2022', 'conversion_factor_exo_rail_long_pkm': '', 'conversion_factor_sec_hydrogen': '', 'cost_fix_tra': '', 'lifetime': '', 'mileage': '', 'occupancy_rate': 'own calculation based on 8DeutscheBahnAG2023, 8DLR&DIW2023'};{'capacity_tra_inst_0': '8DeutscheBahnAG2022', 'conversion_factor_exo_rail_long_pkm': '8Kuder2014', 'conversion_factor_sec_hydrogen': '8Kuder2014', 'cost_fix_tra': '8SCIVerkehr2020', 'lifetime': '8Pagenkopfetal2020', 'mileage': '8Kuder2014', 'occupancy_rate': '8DeutscheBahnAG2023, 8DLR&DIW2023'};{'capacity_tra_inst_0': '', 'conversion_factor_exo_rail_long_pkm': 'unit:BPkm/PJ', 'conversion_factor_sec_hydrogen': 'unit:PJ', 'cost_fix_tra': '', 'lifetime': '', 'mileage': 'adopted from convetional trains', 'occupancy_rate': ''}
24;DE;2030;tra_rail_fcev_pass_long_hydrogen_0;;;1.0;2.44;;1;;63000;;30;102000;100;global_scalars.wacc;;;;;;srd_point_draft;{'capacity_tra_inst_0': 'for base year, after linear extrapolation 8DeutscheBahnAG2022', 'conversion_factor_exo_rail_long_pkm': '', 'conversion_factor_sec_hydrogen': '', 'cost_fix_tra': '', 'lifetime': '', 'mileage': '', 'occupancy_rate': 'own calculation based on 8DeutscheBahnAG2023, 8DLR&DIW2023'};{'capacity_tra_inst_0': '8DeutscheBahnAG2022', 'conversion_factor_exo_rail_long_pkm': '8Kuder2014', 'conversion_factor_sec_hydrogen': '8Kuder2014', 'cost_fix_tra': '8SCIVerkehr2020', 'lifetime': '8Pagenkopfetal2020', 'mileage': '8Kuder2014', 'occupancy_rate': '8DeutscheBahnAG2023, 8DLR&DIW2023'};{'capacity_tra_inst_0': '', 'conversion_factor_exo_rail_long_pkm': 'unit:BPkm/PJ', 'conversion_factor_sec_hydrogen': 'unit:PJ', 'cost_fix_tra': '', 'lifetime': '', 'mileage': 'adopted from convetional trains', 'occupancy_rate': ''}
25;DE;2035;tra_rail_fcev_pass_long_hydrogen_0;;;1.0;2.44;;1;;63000;;30;102000;100;global_scalars.wacc;;;;;;srd_point_draft;{'capacity_tra_inst_0': 'for base year, after linear extrapolation 8DeutscheBahnAG2022', 'conversion_factor_exo_rail_long_pkm': '', 'conversion_factor_sec_hydrogen': '', 'cost_fix_tra': '', 'lifetime': '', 'mileage': '', 'occupancy_rate': 'own calculation based on 8DeutscheBahnAG2023, 8DLR&DIW2023'};{'capacity_tra_inst_0': '8DeutscheBahnAG2022', 'conversion_factor_exo_rail_long_pkm': '8Kuder2014', 'conversion_factor_sec_hydrogen': '8Kuder2014', 'cost_fix_tra': '8SCIVerkehr2020', 'lifetime': '8Pagenkopfetal2020', 'mileage': '8Kuder2014', 'occupancy_rate': '8DeutscheBahnAG2023, 8DLR&DIW2023'};{'capacity_tra_inst_0': '', 'conversion_factor_exo_rail_long_pkm': 'unit:BPkm/PJ', 'conversion_factor_sec_hydrogen': 'unit:PJ', 'cost_fix_tra': '', 'lifetime': '', 'mileage': 'adopted from convetional trains', 'occupancy_rate': ''}
26;DE;2040;tra_rail_fcev_pass_long_hydrogen_0;;;1.0;2.44;;1;;63000;;30;102000;100;global_scalars.wacc;;;;;;srd_point_draft;{'capacity_tra_inst_0': 'for base year, after linear extrapolation 8DeutscheBahnAG2022', 'conversion_factor_exo_rail_long_pkm': '', 'conversion_factor_sec_hydrogen': '', 'cost_fix_tra': '', 'lifetime': '', 'mileage': '', 'occupancy_rate': 'own calculation based on 8DeutscheBahnAG2023, 8DLR&DIW2023'};{'capacity_tra_inst_0': '8DeutscheBahnAG2022', 'conversion_factor_exo_rail_long_pkm': '8Kuder2014', 'conversion_factor_sec_hydrogen': '8Kuder2014', 'cost_fix_tra': '8SCIVerkehr2020', 'lifetime': '8Pagenkopfetal2020', 'mileage': '8Kuder2014', 'occupancy_rate': '8DeutscheBahnAG2023, 8DLR&DIW2023'};{'capacity_tra_inst_0': '', 'conversion_factor_exo_rail_long_pkm': 'unit:BPkm/PJ', 'conversion_factor_sec_hydrogen': 'unit:PJ', 'cost_fix_tra': '', 'lifetime': '', 'mileage': 'adopted from convetional trains', 'occupancy_rate': ''}
27;DE;2045;tra_rail_fcev_pass_long_hydrogen_0;;;1.0;2.44;;1;;63000;;30;102000;100;global_scalars.wacc;;;;;;srd_point_draft;{'capacity_tra_inst_0': 'for base year, after linear extrapolation 8DeutscheBahnAG2022', 'conversion_factor_exo_rail_long_pkm': '', 'conversion_factor_sec_hydrogen': '', 'cost_fix_tra': '', 'lifetime': '', 'mileage': '', 'occupancy_rate': 'own calculation based on 8DeutscheBahnAG2023, 8DLR&DIW2023'};{'capacity_tra_inst_0': '8DeutscheBahnAG2022', 'conversion_factor_exo_rail_long_pkm': '8Kuder2014', 'conversion_factor_sec_hydrogen': '8Kuder2014', 'cost_fix_tra': '8SCIVerkehr2020', 'lifetime': '8Pagenkopfetal2020', 'mileage': '8Kuder2014', 'occupancy_rate': '8DeutscheBahnAG2023, 8DLR&DIW2023'};{'capacity_tra_inst_0': '', 'conversion_factor_exo_rail_long_pkm': 'unit:BPkm/PJ', 'conversion_factor_sec_hydrogen': 'unit:PJ', 'cost_fix_tra': '', 'lifetime': '', 'mileage': 'adopted from convetional trains', 'occupancy_rate': ''}
28;DE;2050;tra_rail_fcev_pass_long_hydrogen_0;;;1.0;2.44;;0;;63000;;30;102000;100;global_scalars.wacc;;;;;;srd_point_draft;{'capacity_tra_inst_0': 'for base year, after linear extrapolation 8DeutscheBahnAG2022', 'conversion_factor_exo_rail_long_pkm': '', 'conversion_factor_sec_hydrogen': '', 'cost_fix_tra': '', 'lifetime': '', 'mileage': '', 'occupancy_rate': 'own calculation based on 8DeutscheBahnAG2023, 8DLR&DIW2023'};{'capacity_tra_inst_0': '8DeutscheBahnAG2022', 'conversion_factor_exo_rail_long_pkm': '8Kuder2014', 'conversion_factor_sec_hydrogen': '8Kuder2014', 'cost_fix_tra': '8SCIVerkehr2020', 'lifetime': '8Pagenkopfetal2020', 'mileage': '8Kuder2014', 'occupancy_rate': '8DeutscheBahnAG2023, 8DLR&DIW2023'};{'capacity_tra_inst_0': '', 'conversion_factor_exo_rail_long_pkm': 'unit:BPkm/PJ', 'conversion_factor_sec_hydrogen': 'unit:PJ', 'cost_fix_tra': '', 'lifetime': '', 'mileage': 'adopted from convetional trains', 'occupancy_rate': ''}
29;DE;2060;tra_rail_fcev_pass_long_hydrogen_0;;;1.0;2.44;;0;;63000;;30;102000;100;global_scalars.wacc;;;;;;srd_point_draft;{'capacity_tra_inst_0': 'for base year, after linear extrapolation 8DeutscheBahnAG2022', 'conversion_factor_exo_rail_long_pkm': '', 'conversion_factor_sec_hydrogen': '', 'cost_fix_tra': '', 'lifetime': '', 'mileage': '', 'occupancy_rate': 'own calculation based on 8DeutscheBahnAG2023, 8DLR&DIW2023'};{'capacity_tra_inst_0': '8DeutscheBahnAG2022', 'conversion_factor_exo_rail_long_pkm': '8Kuder2014', 'conversion_factor_sec_hydrogen': '8Kuder2014', 'cost_fix_tra': '8SCIVerkehr2020', 'lifetime': '8Pagenkopfetal2020', 'mileage': '8Kuder2014', 'occupancy_rate': '8DeutscheBahnAG2023, 8DLR&DIW2023'};{'capacity_tra_inst_0': '', 'conversion_factor_exo_rail_long_pkm': 'unit:BPkm/PJ', 'conversion_factor_sec_hydrogen': 'unit:PJ', 'cost_fix_tra': '', 'lifetime': '', 'mileage': 'adopted from convetional trains', 'occupancy_rate': ''}
30;DE;2070;tra_rail_fcev_pass_long_hydrogen_0;;;1.0;2.44;;0;;63000;;30;102000;100;global_scalars.wacc;;;;;;srd_point_draft;{'capacity_tra_inst_0': 'for base year, after linear extrapolation 8DeutscheBahnAG2022', 'conversion_factor_exo_rail_long_pkm': '', 'conversion_factor_sec_hydrogen': '', 'cost_fix_tra': '', 'lifetime': '', 'mileage': '', 'occupancy_rate': 'own calculation based on 8DeutscheBahnAG2023, 8DLR&DIW2023'};{'capacity_tra_inst_0': '8DeutscheBahnAG2022', 'conversion_factor_exo_rail_long_pkm': '8Kuder2014', 'conversion_factor_sec_hydrogen': '8Kuder2014', 'cost_fix_tra': '8SCIVerkehr2020', 'lifetime': '8Pagenkopfetal2020', 'mileage': '8Kuder2014', 'occupancy_rate': '8DeutscheBahnAG2023, 8DLR&DIW2023'};{'capacity_tra_inst_0': '', 'conversion_factor_exo_rail_long_pkm': 'unit:BPkm/PJ', 'conversion_factor_sec_hydrogen': 'unit:PJ', 'cost_fix_tra': '', 'lifetime': '', 'mileage': 'adopted from convetional trains', 'occupancy_rate': ''}
31;DE;2021;tra_rail_fcev_pass_short_hydrogen_0;;;1.0;;1.83;41;;63000;;30;26000;67;global_scalars.wacc;;;;;;srd_point_draft;{'capacity_tra_inst_0': 'for base year, after linear extrapolation 8LNVGetal2022', 'conversion_factor_exo_rail_short_pkm': '', 'conversion_factor_sec_hydrogen': '', 'cost_fix_tra': '', 'lifetime': '', 'mileage': '', 'occupancy_rate': 'own calculation based on 8DeutscheBahnAG2023'};{'capacity_tra_inst_0': '8LNVGetal2022', 'conversion_factor_exo_rail_short_pkm': '8Kuder2014', 'conversion_factor_sec_hydrogen': '8Kuder2014', 'cost_fix_tra': '8SCIVerkehr2020', 'lifetime': '8Kuder2014', 'mileage': '8Kuder2014', 'occupancy_rate': '8DeutscheBahnAG2023'};{'capacity_tra_inst_0': '', 'conversion_factor_exo_rail_short_pkm': 'unit:BPkm/PJ', 'conversion_factor_sec_hydrogen': 'unit:PJ', 'cost_fix_tra': '', 'lifetime': '', 'mileage': '', 'occupancy_rate': 'adopted from conventional trains'}
32;DE;2024;tra_rail_fcev_pass_short_hydrogen_0;;;1.0;;1.83;37;;63000;;30;26000;67;global_scalars.wacc;;;;;;srd_point_draft;{'capacity_tra_inst_0': 'for base year, after linear extrapolation 8LNVGetal2022', 'conversion_factor_exo_rail_short_pkm': '', 'conversion_factor_sec_hydrogen': '', 'cost_fix_tra': '', 'lifetime': '', 'mileage': '', 'occupancy_rate': 'own calculation based on 8DeutscheBahnAG2023'};{'capacity_tra_inst_0': '8LNVGetal2022', 'conversion_factor_exo_rail_short_pkm': '8Kuder2014', 'conversion_factor_sec_hydrogen': '8Kuder2014', 'cost_fix_tra': '8SCIVerkehr2020', 'lifetime': '8Kuder2014', 'mileage': '8Kuder2014', 'occupancy_rate': '8DeutscheBahnAG2023'};{'capacity_tra_inst_0': '', 'conversion_factor_exo_rail_short_pkm': 'unit:BPkm/PJ', 'conversion_factor_sec_hydrogen': 'unit:PJ', 'cost_fix_tra': '', 'lifetime': '', 'mileage': '', 'occupancy_rate': 'adopted from conventional trains'}
33;DE;2027;tra_rail_fcev_pass_short_hydrogen_0;;;1.0;;1.83;33;;63000;;30;26000;67;global_scalars.wacc;;;;;;srd_point_draft;{'capacity_tra_inst_0': 'for base year, after linear extrapolation 8LNVGetal2022', 'conversion_factor_exo_rail_short_pkm': '', 'conversion_factor_sec_hydrogen': '', 'cost_fix_tra': '', 'lifetime': '', 'mileage': '', 'occupancy_rate': 'own calculation based on 8DeutscheBahnAG2023'};{'capacity_tra_inst_0': '8LNVGetal2022', 'conversion_factor_exo_rail_short_pkm': '8Kuder2014', 'conversion_factor_sec_hydrogen': '8Kuder2014', 'cost_fix_tra': '8SCIVerkehr2020', 'lifetime': '8Kuder2014', 'mileage': '8Kuder2014', 'occupancy_rate': '8DeutscheBahnAG2023'};{'capacity_tra_inst_0': '', 'conversion_factor_exo_rail_short_pkm': 'unit:BPkm/PJ', 'conversion_factor_sec_hydrogen': 'unit:PJ', 'cost_fix_tra': '', 'lifetime': '', 'mileage': '', 'occupancy_rate': 'adopted from conventional trains'}
34;DE;2030;tra_rail_fcev_pass_short_hydrogen_0;;;1.0;;1.83;29;;63000;;30;26000;67;global_scalars.wacc;;;;;;srd_point_draft;{'capacity_tra_inst_0': 'for base year, after linear extrapolation 8LNVGetal2022', 'conversion_factor_exo_rail_short_pkm': '', 'conversion_factor_sec_hydrogen': '', 'cost_fix_tra': '', 'lifetime': '', 'mileage': '', 'occupancy_rate': 'own calculation based on 8DeutscheBahnAG2023'};{'capacity_tra_inst_0': '8LNVGetal2022', 'conversion_factor_exo_rail_short_pkm': '8Kuder2014', 'conversion_factor_sec_hydrogen': '8Kuder2014', 'cost_fix_tra': '8SCIVerkehr2020', 'lifetime': '8Kuder2014', 'mileage': '8Kuder2014', 'occupancy_rate': '8DeutscheBahnAG2023'};{'capacity_tra_inst_0': '', 'conversion_factor_exo_rail_short_pkm': 'unit:BPkm/PJ', 'conversion_factor_sec_hydrogen': 'unit:PJ', 'cost_fix_tra': '', 'lifetime': '', 'mileage': '', 'occupancy_rate': 'adopted from conventional trains'}
35;DE;2035;tra_rail_fcev_pass_short_hydrogen_0;;;1.0;;1.83;22;;63000;;30;26000;67;global_scalars.wacc;;;;;;srd_point_draft;{'capacity_tra_inst_0': 'for base year, after linear extrapolation 8LNVGetal2022', 'conversion_factor_exo_rail_short_pkm': '', 'conversion_factor_sec_hydrogen': '', 'cost_fix_tra': '', 'lifetime': '', 'mileage': '', 'occupancy_rate': 'own calculation based on 8DeutscheBahnAG2023'};{'capacity_tra_inst_0': '8LNVGetal2022', 'conversion_factor_exo_rail_short_pkm': '8Kuder2014', 'conversion_factor_sec_hydrogen': '8Kuder2014', 'cost_fix_tra': '8SCIVerkehr2020', 'lifetime': '8Kuder2014', 'mileage': '8Kuder2014', 'occupancy_rate': '8DeutscheBahnAG2023'};{'capacity_tra_inst_0': '', 'conversion_factor_exo_rail_short_pkm': 'unit:BPkm/PJ', 'conversion_factor_sec_hydrogen': 'unit:PJ', 'cost_fix_tra': '', 'lifetime': '', 'mileage': '', 'occupancy_rate': 'adopted from conventional trains'}
36;DE;2040;tra_rail_fcev_pass_short_hydrogen_0;;;1.0;;1.83;15;;63000;;30;26000;67;global_scalars.wacc;;;;;;srd_point_draft;{'capacity_tra_inst_0': 'for base year, after linear extrapolation 8LNVGetal2022', 'conversion_factor_exo_rail_short_pkm': '', 'conversion_factor_sec_hydrogen': '', 'cost_fix_tra': '', 'lifetime': '', 'mileage': '', 'occupancy_rate': 'own calculation based on 8DeutscheBahnAG2023'};{'capacity_tra_inst_0': '8LNVGetal2022', 'conversion_factor_exo_rail_short_pkm': '8Kuder2014', 'conversion_factor_sec_hydrogen': '8Kuder2014', 'cost_fix_tra': '8SCIVerkehr2020', 'lifetime': '8Kuder2014', 'mileage': '8Kuder2014', 'occupancy_rate': '8DeutscheBahnAG2023'};{'capacity_tra_inst_0': '', 'conversion_factor_exo_rail_short_pkm': 'unit:BPkm/PJ', 'conversion_factor_sec_hydrogen': 'unit:PJ', 'cost_fix_tra': '', 'lifetime': '', 'mileage': '', 'occupancy_rate': 'adopted from conventional trains'}
37;DE;2045;tra_rail_fcev_pass_short_hydrogen_0;;;1.0;;1.83;8;;63000;;30;26000;67;global_scalars.wacc;;;;;;srd_point_draft;{'capacity_tra_inst_0': 'for base year, after linear extrapolation 8LNVGetal2022', 'conversion_factor_exo_rail_short_pkm': '', 'conversion_factor_sec_hydrogen': '', 'cost_fix_tra': '', 'lifetime': '', 'mileage': '', 'occupancy_rate': 'own calculation based on 8DeutscheBahnAG2023'};{'capacity_tra_inst_0': '8LNVGetal2022', 'conversion_factor_exo_rail_short_pkm': '8Kuder2014', 'conversion_factor_sec_hydrogen': '8Kuder2014', 'cost_fix_tra': '8SCIVerkehr2020', 'lifetime': '8Kuder2014', 'mileage': '8Kuder2014', 'occupancy_rate': '8DeutscheBahnAG2023'};{'capacity_tra_inst_0': '', 'conversion_factor_exo_rail_short_pkm': 'unit:BPkm/PJ', 'conversion_factor_sec_hydrogen': 'unit:PJ', 'cost_fix_tra': '', 'lifetime': '', 'mileage': '', 'occupancy_rate': 'adopted from conventional trains'}
38;DE;2050;tra_rail_fcev_pass_short_hydrogen_0;;;1.0;;1.83;1;;63000;;30;26000;67;global_scalars.wacc;;;;;;srd_point_draft;{'capacity_tra_inst_0': 'for base year, after linear extrapolation 8LNVGetal2022', 'conversion_factor_exo_rail_short_pkm': '', 'conversion_factor_sec_hydrogen': '', 'cost_fix_tra': '', 'lifetime': '', 'mileage': '', 'occupancy_rate': 'own calculation based on 8DeutscheBahnAG2023'};{'capacity_tra_inst_0': '8LNVGetal2022', 'conversion_factor_exo_rail_short_pkm': '8Kuder2014', 'conversion_factor_sec_hydrogen': '8Kuder2014', 'cost_fix_tra': '8SCIVerkehr2020', 'lifetime': '8Kuder2014', 'mileage': '8Kuder2014', 'occupancy_rate': '8DeutscheBahnAG2023'};{'capacity_tra_inst_0': '', 'conversion_factor_exo_rail_short_pkm': 'unit:BPkm/PJ', 'conversion_factor_sec_hydrogen': 'unit:PJ', 'cost_fix_tra': '', 'lifetime': '', 'mileage': '', 'occupancy_rate': 'adopted from conventional trains'}
39;DE;2060;tra_rail_fcev_pass_short_hydrogen_0;;;1.0;;1.83;0;;63000;;30;26000;67;global_scalars.wacc;;;;;;srd_point_draft;{'capacity_tra_inst_0': 'for base year, after linear extrapolation 8LNVGetal2022', 'conversion_factor_exo_rail_short_pkm': '', 'conversion_factor_sec_hydrogen': '', 'cost_fix_tra': '', 'lifetime': '', 'mileage': '', 'occupancy_rate': 'own calculation based on 8DeutscheBahnAG2023'};{'capacity_tra_inst_0': '8LNVGetal2022', 'conversion_factor_exo_rail_short_pkm': '8Kuder2014', 'conversion_factor_sec_hydrogen': '8Kuder2014', 'cost_fix_tra': '8SCIVerkehr2020', 'lifetime': '8Kuder2014', 'mileage': '8Kuder2014', 'occupancy_rate': '8DeutscheBahnAG2023'};{'capacity_tra_inst_0': '', 'conversion_factor_exo_rail_short_pkm': 'unit:BPkm/PJ', 'conversion_factor_sec_hydrogen': 'unit:PJ', 'cost_fix_tra': '', 'lifetime': '', 'mileage': '', 'occupancy_rate': 'adopted from conventional trains'}
40;DE;2070;tra_rail_fcev_pass_short_hydrogen_0;;;1.0;;1.83;0;;63000;;30;26000;67;global_scalars.wacc;;;;;;srd_point_draft;{'capacity_tra_inst_0': 'for base year, after linear extrapolation 8LNVGetal2022', 'conversion_factor_exo_rail_short_pkm': '', 'conversion_factor_sec_hydrogen': '', 'cost_fix_tra': '', 'lifetime': '', 'mileage': '', 'occupancy_rate': 'own calculation based on 8DeutscheBahnAG2023'};{'capacity_tra_inst_0': '8LNVGetal2022', 'conversion_factor_exo_rail_short_pkm': '8Kuder2014', 'conversion_factor_sec_hydrogen': '8Kuder2014', 'cost_fix_tra': '8SCIVerkehr2020', 'lifetime': '8Kuder2014', 'mileage': '8Kuder2014', 'occupancy_rate': '8DeutscheBahnAG2023'};{'capacity_tra_inst_0': '', 'conversion_factor_exo_rail_short_pkm': 'unit:BPkm/PJ', 'conversion_factor_sec_hydrogen': 'unit:PJ', 'cost_fix_tra': '', 'lifetime': '', 'mileage': '', 'occupancy_rate': 'adopted from conventional trains'}
41;DE;2021;tra_rail_hyb_pass_short_diesel_0;0.35;0.65;;;1.89;5;;38000;;30;65055;67;global_scalars.wacc;global_emission_factors.diesel_fuel;;0.87;0.56;;srd_point_draft;{'capacity_tra_inst_0': 'for base year, after linear extrapolation 8SCIVerkehr2020', 'conversion_factor_exo_rail_short_pkm': '', 'conversion_factor_sec_diesel': '', 'conversion_factor_sec_elec': '', 'cost_fix_tra': 'own calculation based on 8SCIVerkehr2020', 'ef_sec_diesel_emi_ch4_f_tra': '', 'ef_sec_diesel_emi_co2_f_tra': '', 'ef_sec_diesel_emi_n2o_f_tra': '', 'lifetime': '', 'mileage': 'assumption based on dieseltrains from own calculation 8DeutscheBahnAG2023', 'occupancy_rate': 'own calculation based on 8DeutscheBahnAG2023'};{'capacity_tra_inst_0': '8SCIVerkehr2020', 'conversion_factor_exo_rail_short_pkm': '8DeutscheBahnAG2024', 'conversion_factor_sec_diesel': '8DeutscheBahnAG2024', 'conversion_factor_sec_elec': '8DeutscheBahnAG2024', 'cost_fix_tra': '8SCIVerkehr2020', 'ef_sec_diesel_emi_ch4_f_tra': '8UNFCCC2021', 'ef_sec_diesel_emi_co2_f_tra': '8UNFCCC2021', 'ef_sec_diesel_emi_n2o_f_tra': '8UNFCCC2021', 'lifetime': '8Pagenkopfetal2020', 'mileage': '8DeutscheBahnAG2023', 'occupancy_rate': '8DeutscheBahnAG2023'};{'capacity_tra_inst_0': '', 'conversion_factor_exo_rail_short_pkm': 'unit:BPkm/PJ', 'conversion_factor_sec_diesel': 'unit:PJ', 'conversion_factor_sec_elec': 'unit:PJ', 'cost_fix_tra': '', 'ef_sec_diesel_emi_ch4_f_tra': 'unit:t/PJ', 'ef_sec_diesel_emi_co2_f_tra': 'unit:t/PJ', 'ef_sec_diesel_emi_n2o_f_tra': 'unit:t/PJ', 'lifetime': '', 'mileage': '', 'occupancy_rate': ''}
42;DE;2024;tra_rail_hyb_pass_short_diesel_0;0.35;0.65;;;1.89;5;;38000;;30;65055;67;global_scalars.wacc;global_emission_factors.diesel_fuel;;0.87;0.56;;srd_point_draft;{'capacity_tra_inst_0': 'for base year, after linear extrapolation 8SCIVerkehr2020', 'conversion_factor_exo_rail_short_pkm': '', 'conversion_factor_sec_diesel': '', 'conversion_factor_sec_elec': '', 'cost_fix_tra': 'own calculation based on 8SCIVerkehr2020', 'ef_sec_diesel_emi_ch4_f_tra': '', 'ef_sec_diesel_emi_co2_f_tra': '', 'ef_sec_diesel_emi_n2o_f_tra': '', 'lifetime': '', 'mileage': 'assumption based on dieseltrains from own calculation 8DeutscheBahnAG2023', 'occupancy_rate': 'own calculation based on 8DeutscheBahnAG2023'};{'capacity_tra_inst_0': '8SCIVerkehr2020', 'conversion_factor_exo_rail_short_pkm': '8DeutscheBahnAG2024', 'conversion_factor_sec_diesel': '8DeutscheBahnAG2024', 'conversion_factor_sec_elec': '8DeutscheBahnAG2024', 'cost_fix_tra': '8SCIVerkehr2020', 'ef_sec_diesel_emi_ch4_f_tra': '8UNFCCC2021', 'ef_sec_diesel_emi_co2_f_tra': '8UNFCCC2021', 'ef_sec_diesel_emi_n2o_f_tra': '8UNFCCC2021', 'lifetime': '8Pagenkopfetal2020', 'mileage': '8DeutscheBahnAG2023', 'occupancy_rate': '8DeutscheBahnAG2023'};{'capacity_tra_inst_0': '', 'conversion_factor_exo_rail_short_pkm': 'unit:BPkm/PJ', 'conversion_factor_sec_diesel': 'unit:PJ', 'conversion_factor_sec_elec': 'unit:PJ', 'cost_fix_tra': '', 'ef_sec_diesel_emi_ch4_f_tra': 'unit:t/PJ', 'ef_sec_diesel_emi_co2_f_tra': 'unit:t/PJ', 'ef_sec_diesel_emi_n2o_f_tra': 'unit:t/PJ', 'lifetime': '', 'mileage': '', 'occupancy_rate': ''}
43;DE;2027;tra_rail_hyb_pass_short_diesel_0;0.35;0.65;;;1.89;4;;38000;;30;65055;67;global_scalars.wacc;global_emission_factors.diesel_fuel;;0.87;0.56;;srd_point_draft;{'capacity_tra_inst_0': 'for base year, after linear extrapolation 8SCIVerkehr2020', 'conversion_factor_exo_rail_short_pkm': '', 'conversion_factor_sec_diesel': '', 'conversion_factor_sec_elec': '', 'cost_fix_tra': 'own calculation based on 8SCIVerkehr2020', 'ef_sec_diesel_emi_ch4_f_tra': '', 'ef_sec_diesel_emi_co2_f_tra': '', 'ef_sec_diesel_emi_n2o_f_tra': '', 'lifetime': '', 'mileage': 'assumption based on dieseltrains from own calculation 8DeutscheBahnAG2023', 'occupancy_rate': 'own calculation based on 8DeutscheBahnAG2023'};{'capacity_tra_inst_0': '8SCIVerkehr2020', 'conversion_factor_exo_rail_short_pkm': '8DeutscheBahnAG2024', 'conversion_factor_sec_diesel': '8DeutscheBahnAG2024', 'conversion_factor_sec_elec': '8DeutscheBahnAG2024', 'cost_fix_tra': '8SCIVerkehr2020', 'ef_sec_diesel_emi_ch4_f_tra': '8UNFCCC2021', 'ef_sec_diesel_emi_co2_f_tra': '8UNFCCC2021', 'ef_sec_diesel_emi_n2o_f_tra': '8UNFCCC2021', 'lifetime': '8Pagenkopfetal2020', 'mileage': '8DeutscheBahnAG2023', 'occupancy_rate': '8DeutscheBahnAG2023'};{'capacity_tra_inst_0': '', 'conversion_factor_exo_rail_short_pkm': 'unit:BPkm/PJ', 'conversion_factor_sec_diesel': 'unit:PJ', 'conversion_factor_sec_elec': 'unit:PJ', 'cost_fix_tra': '', 'ef_sec_diesel_emi_ch4_f_tra': 'unit:t/PJ', 'ef_sec_diesel_emi_co2_f_tra': 'unit:t/PJ', 'ef_sec_diesel_emi_n2o_f_tra': 'unit:t/PJ', 'lifetime': '', 'mileage': '', 'occupancy_rate': ''}
44;DE;2030;tra_rail_hyb_pass_short_diesel_0;0.35;0.65;;;1.89;4;;38000;;30;65055;67;global_scalars.wacc;global_emission_factors.diesel_fuel;;0.87;0.56;;srd_point_draft;{'capacity_tra_inst_0': 'for base year, after linear extrapolation 8SCIVerkehr2020', 'conversion_factor_exo_rail_short_pkm': '', 'conversion_factor_sec_diesel': '', 'conversion_factor_sec_elec': '', 'cost_fix_tra': 'own calculation based on 8SCIVerkehr2020', 'ef_sec_diesel_emi_ch4_f_tra': '', 'ef_sec_diesel_emi_co2_f_tra': '', 'ef_sec_diesel_emi_n2o_f_tra': '', 'lifetime': '', 'mileage': 'assumption based on dieseltrains from own calculation 8DeutscheBahnAG2023', 'occupancy_rate': 'own calculation based on 8DeutscheBahnAG2023'};{'capacity_tra_inst_0': '8SCIVerkehr2020', 'conversion_factor_exo_rail_short_pkm': '8DeutscheBahnAG2024', 'conversion_factor_sec_diesel': '8DeutscheBahnAG2024', 'conversion_factor_sec_elec': '8DeutscheBahnAG2024', 'cost_fix_tra': '8SCIVerkehr2020', 'ef_sec_diesel_emi_ch4_f_tra': '8UNFCCC2021', 'ef_sec_diesel_emi_co2_f_tra': '8UNFCCC2021', 'ef_sec_diesel_emi_n2o_f_tra': '8UNFCCC2021', 'lifetime': '8Pagenkopfetal2020', 'mileage': '8DeutscheBahnAG2023', 'occupancy_rate': '8DeutscheBahnAG2023'};{'capacity_tra_inst_0': '', 'conversion_factor_exo_rail_short_pkm': 'unit:BPkm/PJ', 'conversion_factor_sec_diesel': 'unit:PJ', 'conversion_factor_sec_elec': 'unit:PJ', 'cost_fix_tra': '', 'ef_sec_diesel_emi_ch4_f_tra': 'unit:t/PJ', 'ef_sec_diesel_emi_co2_f_tra': 'unit:t/PJ', 'ef_sec_diesel_emi_n2o_f_tra': 'unit:t/PJ', 'lifetime': '', 'mileage': '', 'occupancy_rate': ''}
45;DE;2035;tra_rail_hyb_pass_short_diesel_0;0.35;0.65;;;1.89;3;;38000;;30;65055;67;global_scalars.wacc;global_emission_factors.diesel_fuel;;0.87;0.56;;srd_point_draft;{'capacity_tra_inst_0': 'for base year, after linear extrapolation 8SCIVerkehr2020', 'conversion_factor_exo_rail_short_pkm': '', 'conversion_factor_sec_diesel': '', 'conversion_factor_sec_elec': '', 'cost_fix_tra': 'own calculation based on 8SCIVerkehr2020', 'ef_sec_diesel_emi_ch4_f_tra': '', 'ef_sec_diesel_emi_co2_f_tra': '', 'ef_sec_diesel_emi_n2o_f_tra': '', 'lifetime': '', 'mileage': 'assumption based on dieseltrains from own calculation 8DeutscheBahnAG2023', 'occupancy_rate': 'own calculation based on 8DeutscheBahnAG2023'};{'capacity_tra_inst_0': '8SCIVerkehr2020', 'conversion_factor_exo_rail_short_pkm': '8DeutscheBahnAG2024', 'conversion_factor_sec_diesel': '8DeutscheBahnAG2024', 'conversion_factor_sec_elec': '8DeutscheBahnAG2024', 'cost_fix_tra': '8SCIVerkehr2020', 'ef_sec_diesel_emi_ch4_f_tra': '8UNFCCC2021', 'ef_sec_diesel_emi_co2_f_tra': '8UNFCCC2021', 'ef_sec_diesel_emi_n2o_f_tra': '8UNFCCC2021', 'lifetime': '8Pagenkopfetal2020', 'mileage': '8DeutscheBahnAG2023', 'occupancy_rate': '8DeutscheBahnAG2023'};{'capacity_tra_inst_0': '', 'conversion_factor_exo_rail_short_pkm': 'unit:BPkm/PJ', 'conversion_factor_sec_diesel': 'unit:PJ', 'conversion_factor_sec_elec': 'unit:PJ', 'cost_fix_tra': '', 'ef_sec_diesel_emi_ch4_f_tra': 'unit:t/PJ', 'ef_sec_diesel_emi_co2_f_tra': 'unit:t/PJ', 'ef_sec_diesel_emi_n2o_f_tra': 'unit:t/PJ', 'lifetime': '', 'mileage': '', 'occupancy_rate': ''}
46;DE;2040;tra_rail_hyb_pass_short_diesel_0;0.35;0.65;;;1.89;2;;38000;;30;65055;67;global_scalars.wacc;global_emission_factors.diesel_fuel;;0.87;0.56;;srd_point_draft;{'capacity_tra_inst_0': 'for base year, after linear extrapolation 8SCIVerkehr2020', 'conversion_factor_exo_rail_short_pkm': '', 'conversion_factor_sec_diesel': '', 'conversion_factor_sec_elec': '', 'cost_fix_tra': 'own calculation based on 8SCIVerkehr2020', 'ef_sec_diesel_emi_ch4_f_tra': '', 'ef_sec_diesel_emi_co2_f_tra': '', 'ef_sec_diesel_emi_n2o_f_tra': '', 'lifetime': '', 'mileage': 'assumption based on dieseltrains from own calculation 8DeutscheBahnAG2023', 'occupancy_rate': 'own calculation based on 8DeutscheBahnAG2023'};{'capacity_tra_inst_0': '8SCIVerkehr2020', 'conversion_factor_exo_rail_short_pkm': '8DeutscheBahnAG2024', 'conversion_factor_sec_diesel': '8DeutscheBahnAG2024', 'conversion_factor_sec_elec': '8DeutscheBahnAG2024', 'cost_fix_tra': '8SCIVerkehr2020', 'ef_sec_diesel_emi_ch4_f_tra': '8UNFCCC2021', 'ef_sec_diesel_emi_co2_f_tra': '8UNFCCC2021', 'ef_sec_diesel_emi_n2o_f_tra': '8UNFCCC2021', 'lifetime': '8Pagenkopfetal2020', 'mileage': '8DeutscheBahnAG2023', 'occupancy_rate': '8DeutscheBahnAG2023'};{'capacity_tra_inst_0': '', 'conversion_factor_exo_rail_short_pkm': 'unit:BPkm/PJ', 'conversion_factor_sec_diesel': 'unit:PJ', 'conversion_factor_sec_elec': 'unit:PJ', 'cost_fix_tra': '', 'ef_sec_diesel_emi_ch4_f_tra': 'unit:t/PJ', 'ef_sec_diesel_emi_co2_f_tra': 'unit:t/PJ', 'ef_sec_diesel_emi_n2o_f_tra': 'unit:t/PJ', 'lifetime': '', 'mileage': '', 'occupancy_rate': ''}
47;DE;2045;tra_rail_hyb_pass_short_diesel_0;0.35;0.65;;;1.89;1;;38000;;30;65055;67;global_scalars.wacc;global_emission_factors.diesel_fuel;;0.87;0.56;;srd_point_draft;{'capacity_tra_inst_0': 'for base year, after linear extrapolation 8SCIVerkehr2020', 'conversion_factor_exo_rail_short_pkm': '', 'conversion_factor_sec_diesel': '', 'conversion_factor_sec_elec': '', 'cost_fix_tra': 'own calculation based on 8SCIVerkehr2020', 'ef_sec_diesel_emi_ch4_f_tra': '', 'ef_sec_diesel_emi_co2_f_tra': '', 'ef_sec_diesel_emi_n2o_f_tra': '', 'lifetime': '', 'mileage': 'assumption based on dieseltrains from own calculation 8DeutscheBahnAG2023', 'occupancy_rate': 'own calculation based on 8DeutscheBahnAG2023'};{'capacity_tra_inst_0': '8SCIVerkehr2020', 'conversion_factor_exo_rail_short_pkm': '8DeutscheBahnAG2024', 'conversion_factor_sec_diesel': '8DeutscheBahnAG2024', 'conversion_factor_sec_elec': '8DeutscheBahnAG2024', 'cost_fix_tra': '8SCIVerkehr2020', 'ef_sec_diesel_emi_ch4_f_tra': '8UNFCCC2021', 'ef_sec_diesel_emi_co2_f_tra': '8UNFCCC2021', 'ef_sec_diesel_emi_n2o_f_tra': '8UNFCCC2021', 'lifetime': '8Pagenkopfetal2020', 'mileage': '8DeutscheBahnAG2023', 'occupancy_rate': '8DeutscheBahnAG2023'};{'capacity_tra_inst_0': '', 'conversion_factor_exo_rail_short_pkm': 'unit:BPkm/PJ', 'conversion_factor_sec_diesel': 'unit:PJ', 'conversion_factor_sec_elec': 'unit:PJ', 'cost_fix_tra': '', 'ef_sec_diesel_emi_ch4_f_tra': 'unit:t/PJ', 'ef_sec_diesel_emi_co2_f_tra': 'unit:t/PJ', 'ef_sec_diesel_emi_n2o_f_tra': 'unit:t/PJ', 'lifetime': '', 'mileage': '', 'occupancy_rate': ''}
48;DE;2050;tra_rail_hyb_pass_short_diesel_0;0.35;0.65;;;1.89;0;;38000;;30;65055;67;global_scalars.wacc;global_emission_factors.diesel_fuel;;0.87;0.56;;srd_point_draft;{'capacity_tra_inst_0': 'for base year, after linear extrapolation 8SCIVerkehr2020', 'conversion_factor_exo_rail_short_pkm': '', 'conversion_factor_sec_diesel': '', 'conversion_factor_sec_elec': '', 'cost_fix_tra': 'own calculation based on 8SCIVerkehr2020', 'ef_sec_diesel_emi_ch4_f_tra': '', 'ef_sec_diesel_emi_co2_f_tra': '', 'ef_sec_diesel_emi_n2o_f_tra': '', 'lifetime': '', 'mileage': 'assumption based on dieseltrains from own calculation 8DeutscheBahnAG2023', 'occupancy_rate': 'own calculation based on 8DeutscheBahnAG2023'};{'capacity_tra_inst_0': '8SCIVerkehr2020', 'conversion_factor_exo_rail_short_pkm': '8DeutscheBahnAG2024', 'conversion_factor_sec_diesel': '8DeutscheBahnAG2024', 'conversion_factor_sec_elec': '8DeutscheBahnAG2024', 'cost_fix_tra': '8SCIVerkehr2020', 'ef_sec_diesel_emi_ch4_f_tra': '8UNFCCC2021', 'ef_sec_diesel_emi_co2_f_tra': '8UNFCCC2021', 'ef_sec_diesel_emi_n2o_f_tra': '8UNFCCC2021', 'lifetime': '8Pagenkopfetal2020', 'mileage': '8DeutscheBahnAG2023', 'occupancy_rate': '8DeutscheBahnAG2023'};{'capacity_tra_inst_0': '', 'conversion_factor_exo_rail_short_pkm': 'unit:BPkm/PJ', 'conversion_factor_sec_diesel': 'unit:PJ', 'conversion_factor_sec_elec': 'unit:PJ', 'cost_fix_tra': '', 'ef_sec_diesel_emi_ch4_f_tra': 'unit:t/PJ', 'ef_sec_diesel_emi_co2_f_tra': 'unit:t/PJ', 'ef_sec_diesel_emi_n2o_f_tra': 'unit:t/PJ', 'lifetime': '', 'mileage': '', 'occupancy_rate': ''}
49;DE;2060;tra_rail_hyb_pass_short_diesel_0;0.35;0.65;;;1.89;0;;38000;;30;65055;67;global_scalars.wacc;global_emission_factors.diesel_fuel;;0.87;0.56;;srd_point_draft;{'capacity_tra_inst_0': 'for base year, after linear extrapolation 8SCIVerkehr2020', 'conversion_factor_exo_rail_short_pkm': '', 'conversion_factor_sec_diesel': '', 'conversion_factor_sec_elec': '', 'cost_fix_tra': 'own calculation based on 8SCIVerkehr2020', 'ef_sec_diesel_emi_ch4_f_tra': '', 'ef_sec_diesel_emi_co2_f_tra': '', 'ef_sec_diesel_emi_n2o_f_tra': '', 'lifetime': '', 'mileage': 'assumption based on dieseltrains from own calculation 8DeutscheBahnAG2023', 'occupancy_rate': 'own calculation based on 8DeutscheBahnAG2023'};{'capacity_tra_inst_0': '8SCIVerkehr2020', 'conversion_factor_exo_rail_short_pkm': '8DeutscheBahnAG2024', 'conversion_factor_sec_diesel': '8DeutscheBahnAG2024', 'conversion_factor_sec_elec': '8DeutscheBahnAG2024', 'cost_fix_tra': '8SCIVerkehr2020', 'ef_sec_diesel_emi_ch4_f_tra': '8UNFCCC2021', 'ef_sec_diesel_emi_co2_f_tra': '8UNFCCC2021', 'ef_sec_diesel_emi_n2o_f_tra': '8UNFCCC2021', 'lifetime': '8Pagenkopfetal2020', 'mileage': '8DeutscheBahnAG2023', 'occupancy_rate': '8DeutscheBahnAG2023'};{'capacity_tra_inst_0': '', 'conversion_factor_exo_rail_short_pkm': 'unit:BPkm/PJ', 'conversion_factor_sec_diesel': 'unit:PJ', 'conversion_factor_sec_elec': 'unit:PJ', 'cost_fix_tra': '', 'ef_sec_diesel_emi_ch4_f_tra': 'unit:t/PJ', 'ef_sec_diesel_emi_co2_f_tra': 'unit:t/PJ', 'ef_sec_diesel_emi_n2o_f_tra': 'unit:t/PJ', 'lifetime': '', 'mileage': '', 'occupancy_rate': ''}
50;DE;2070;tra_rail_hyb_pass_short_diesel_0;0.35;0.65;;;1.89;0;;38000;;30;65055;67;global_scalars.wacc;global_emission_factors.diesel_fuel;;0.87;0.56;;srd_point_draft;{'capacity_tra_inst_0': 'for base year, after linear extrapolation 8SCIVerkehr2020', 'conversion_factor_exo_rail_short_pkm': '', 'conversion_factor_sec_diesel': '', 'conversion_factor_sec_elec': '', 'cost_fix_tra': 'own calculation based on 8SCIVerkehr2020', 'ef_sec_diesel_emi_ch4_f_tra': '', 'ef_sec_diesel_emi_co2_f_tra': '', 'ef_sec_diesel_emi_n2o_f_tra': '', 'lifetime': '', 'mileage': 'assumption based on dieseltrains from own calculation 8DeutscheBahnAG2023', 'occupancy_rate': 'own calculation based on 8DeutscheBahnAG2023'};{'capacity_tra_inst_0': '8SCIVerkehr2020', 'conversion_factor_exo_rail_short_pkm': '8DeutscheBahnAG2024', 'conversion_factor_sec_diesel': '8DeutscheBahnAG2024', 'conversion_factor_sec_elec': '8DeutscheBahnAG2024', 'cost_fix_tra': '8SCIVerkehr2020', 'ef_sec_diesel_emi_ch4_f_tra': '8UNFCCC2021', 'ef_sec_diesel_emi_co2_f_tra': '8UNFCCC2021', 'ef_sec_diesel_emi_n2o_f_tra': '8UNFCCC2021', 'lifetime': '8Pagenkopfetal2020', 'mileage': '8DeutscheBahnAG2023', 'occupancy_rate': '8DeutscheBahnAG2023'};{'capacity_tra_inst_0': '', 'conversion_factor_exo_rail_short_pkm': 'unit:BPkm/PJ', 'conversion_factor_sec_diesel': 'unit:PJ', 'conversion_factor_sec_elec': 'unit:PJ', 'cost_fix_tra': '', 'ef_sec_diesel_emi_ch4_f_tra': 'unit:t/PJ', 'ef_sec_diesel_emi_co2_f_tra': 'unit:t/PJ', 'ef_sec_diesel_emi_n2o_f_tra': 'unit:t/PJ', 'lifetime': '', 'mileage': '', 'occupancy_rate': ''}
51;DE;2021;tra_rail_bemu_pass_short_0;1.0;;;;2.68;86;;38000;;30;45538;67;global_scalars.wacc;;;;;;srd_point_draft;{'capacity_tra_inst_0': 'for base year, after linear extrapolation 8Pagenkopfetal2020', 'conversion_factor_exo_rail_short_pkm': '', 'conversion_factor_sec_elec': '', 'cost_fix_tra': '', 'lifetime': '', 'mileage': 'own calculation based on 8Aryanpur&Glynn2020', 'occupancy_rate': ''};{'capacity_tra_inst_0': '8Pagenkopfetal2020', 'conversion_factor_exo_rail_short_pkm': '8Aryanpur&Glynn2020', 'conversion_factor_sec_elec': '8Aryanpur&Glynn2020', 'cost_fix_tra': '8SCIVerkehr2020', 'lifetime': '8Pagenkopfetal2020', 'mileage': '8Aryanpur&Glynn2020', 'occupancy_rate': '8Wouter&Pablo2019'};{'capacity_tra_inst_0': '', 'conversion_factor_exo_rail_short_pkm': 'unit:BPkm/PJ', 'conversion_factor_sec_elec': 'unit:PJ', 'cost_fix_tra': '', 'lifetime': '', 'mileage': '', 'occupancy_rate': ''}
52;DE;2024;tra_rail_bemu_pass_short_0;1.0;;;;2.68;77;;38000;;30;45538;67;global_scalars.wacc;;;;;;srd_point_draft;{'capacity_tra_inst_0': 'for base year, after linear extrapolation 8Pagenkopfetal2020', 'conversion_factor_exo_rail_short_pkm': '', 'conversion_factor_sec_elec': '', 'cost_fix_tra': '', 'lifetime': '', 'mileage': 'own calculation based on 8Aryanpur&Glynn2020', 'occupancy_rate': ''};{'capacity_tra_inst_0': '8Pagenkopfetal2020', 'conversion_factor_exo_rail_short_pkm': '8Aryanpur&Glynn2020', 'conversion_factor_sec_elec': '8Aryanpur&Glynn2020', 'cost_fix_tra': '8SCIVerkehr2020', 'lifetime': '8Pagenkopfetal2020', 'mileage': '8Aryanpur&Glynn2020', 'occupancy_rate': '8Wouter&Pablo2019'};{'capacity_tra_inst_0': '', 'conversion_factor_exo_rail_short_pkm': 'unit:BPkm/PJ', 'conversion_factor_sec_elec': 'unit:PJ', 'cost_fix_tra': '', 'lifetime': '', 'mileage': '', 'occupancy_rate': ''}
53;DE;2027;tra_rail_bemu_pass_short_0;1.0;;;;2.68;68;;38000;;30;45538;67;global_scalars.wacc;;;;;;srd_point_draft;{'capacity_tra_inst_0': 'for base year, after linear extrapolation 8Pagenkopfetal2020', 'conversion_factor_exo_rail_short_pkm': '', 'conversion_factor_sec_elec': '', 'cost_fix_tra': '', 'lifetime': '', 'mileage': 'own calculation based on 8Aryanpur&Glynn2020', 'occupancy_rate': ''};{'capacity_tra_inst_0': '8Pagenkopfetal2020', 'conversion_factor_exo_rail_short_pkm': '8Aryanpur&Glynn2020', 'conversion_factor_sec_elec': '8Aryanpur&Glynn2020', 'cost_fix_tra': '8SCIVerkehr2020', 'lifetime': '8Pagenkopfetal2020', 'mileage': '8Aryanpur&Glynn2020', 'occupancy_rate': '8Wouter&Pablo2019'};{'capacity_tra_inst_0': '', 'conversion_factor_exo_rail_short_pkm': 'unit:BPkm/PJ', 'conversion_factor_sec_elec': 'unit:PJ', 'cost_fix_tra': '', 'lifetime': '', 'mileage': '', 'occupancy_rate': ''}
54;DE;2030;tra_rail_bemu_pass_short_0;1.0;;;;2.68;59;;38000;;30;45538;67;global_scalars.wacc;;;;;;srd_point_draft;{'capacity_tra_inst_0': 'for base year, after linear extrapolation 8Pagenkopfetal2020', 'conversion_factor_exo_rail_short_pkm': '', 'conversion_factor_sec_elec': '', 'cost_fix_tra': '', 'lifetime': '', 'mileage': 'own calculation based on 8Aryanpur&Glynn2020', 'occupancy_rate': ''};{'capacity_tra_inst_0': '8Pagenkopfetal2020', 'conversion_factor_exo_rail_short_pkm': '8Aryanpur&Glynn2020', 'conversion_factor_sec_elec': '8Aryanpur&Glynn2020', 'cost_fix_tra': '8SCIVerkehr2020', 'lifetime': '8Pagenkopfetal2020', 'mileage': '8Aryanpur&Glynn2020', 'occupancy_rate': '8Wouter&Pablo2019'};{'capacity_tra_inst_0': '', 'conversion_factor_exo_rail_short_pkm': 'unit:BPkm/PJ', 'conversion_factor_sec_elec': 'unit:PJ', 'cost_fix_tra': '', 'lifetime': '', 'mileage': '', 'occupancy_rate': ''}
55;DE;2035;tra_rail_bemu_pass_short_0;1.0;;;;2.68;45;;38000;;30;45538;67;global_scalars.wacc;;;;;;srd_point_draft;{'capacity_tra_inst_0': 'for base year, after linear extrapolation 8Pagenkopfetal2020', 'conversion_factor_exo_rail_short_pkm': '', 'conversion_factor_sec_elec': '', 'cost_fix_tra': '', 'lifetime': '', 'mileage': 'own calculation based on 8Aryanpur&Glynn2020', 'occupancy_rate': ''};{'capacity_tra_inst_0': '8Pagenkopfetal2020', 'conversion_factor_exo_rail_short_pkm': '8Aryanpur&Glynn2020', 'conversion_factor_sec_elec': '8Aryanpur&Glynn2020', 'cost_fix_tra': '8SCIVerkehr2020', 'lifetime': '8Pagenkopfetal2020', 'mileage': '8Aryanpur&Glynn2020', 'occupancy_rate': '8Wouter&Pablo2019'};{'capacity_tra_inst_0': '', 'conversion_factor_exo_rail_short_pkm': 'unit:BPkm/PJ', 'conversion_factor_sec_elec': 'unit:PJ', 'cost_fix_tra': '', 'lifetime': '', 'mileage': '', 'occupancy_rate': ''}
56;DE;2040;tra_rail_bemu_pass_short_0;1.0;;;;2.68;31;;38000;;30;45538;67;global_scalars.wacc;;;;;;srd_point_draft;{'capacity_tra_inst_0': 'for base year, after linear extrapolation 8Pagenkopfetal2020', 'conversion_factor_exo_rail_short_pkm': '', 'conversion_factor_sec_elec': '', 'cost_fix_tra': '', 'lifetime': '', 'mileage': 'own calculation based on 8Aryanpur&Glynn2020', 'occupancy_rate': ''};{'capacity_tra_inst_0': '8Pagenkopfetal2020', 'conversion_factor_exo_rail_short_pkm': '8Aryanpur&Glynn2020', 'conversion_factor_sec_elec': '8Aryanpur&Glynn2020', 'cost_fix_tra': '8SCIVerkehr2020', 'lifetime': '8Pagenkopfetal2020', 'mileage': '8Aryanpur&Glynn2020', 'occupancy_rate': '8Wouter&Pablo2019'};{'capacity_tra_inst_0': '', 'conversion_factor_exo_rail_short_pkm': 'unit:BPkm/PJ', 'conversion_factor_sec_elec': 'unit:PJ', 'cost_fix_tra': '', 'lifetime': '', 'mileage': '', 'occupancy_rate': ''}
57;DE;2045;tra_rail_bemu_pass_short_0;1.0;;;;2.68;17;;38000;;30;45538;67;global_scalars.wacc;;;;;;srd_point_draft;{'capacity_tra_inst_0': 'for base year, after linear extrapolation 8Pagenkopfetal2020', 'conversion_factor_exo_rail_short_pkm': '', 'conversion_factor_sec_elec': '', 'cost_fix_tra': '', 'lifetime': '', 'mileage': 'own calculation based on 8Aryanpur&Glynn2020', 'occupancy_rate': ''};{'capacity_tra_inst_0': '8Pagenkopfetal2020', 'conversion_factor_exo_rail_short_pkm': '8Aryanpur&Glynn2020', 'conversion_factor_sec_elec': '8Aryanpur&Glynn2020', 'cost_fix_tra': '8SCIVerkehr2020', 'lifetime': '8Pagenkopfetal2020', 'mileage': '8Aryanpur&Glynn2020', 'occupancy_rate': '8Wouter&Pablo2019'};{'capacity_tra_inst_0': '', 'conversion_factor_exo_rail_short_pkm': 'unit:BPkm/PJ', 'conversion_factor_sec_elec': 'unit:PJ', 'cost_fix_tra': '', 'lifetime': '', 'mileage': '', 'occupancy_rate': ''}
58;DE;2050;tra_rail_bemu_pass_short_0;1.0;;;;2.68;3;;38000;;30;45538;67;global_scalars.wacc;;;;;;srd_point_draft;{'capacity_tra_inst_0': 'for base year, after linear extrapolation 8Pagenkopfetal2020', 'conversion_factor_exo_rail_short_pkm': '', 'conversion_factor_sec_elec': '', 'cost_fix_tra': '', 'lifetime': '', 'mileage': 'own calculation based on 8Aryanpur&Glynn2020', 'occupancy_rate': ''};{'capacity_tra_inst_0': '8Pagenkopfetal2020', 'conversion_factor_exo_rail_short_pkm': '8Aryanpur&Glynn2020', 'conversion_factor_sec_elec': '8Aryanpur&Glynn2020', 'cost_fix_tra': '8SCIVerkehr2020', 'lifetime': '8Pagenkopfetal2020', 'mileage': '8Aryanpur&Glynn2020', 'occupancy_rate': '8Wouter&Pablo2019'};{'capacity_tra_inst_0': '', 'conversion_factor_exo_rail_short_pkm': 'unit:BPkm/PJ', 'conversion_factor_sec_elec': 'unit:PJ', 'cost_fix_tra': '', 'lifetime': '', 'mileage': '', 'occupancy_rate': ''}
59;DE;2060;tra_rail_bemu_pass_short_0;1.0;;;;2.68;0;;38000;;30;45538;67;global_scalars.wacc;;;;;;srd_point_draft;{'capacity_tra_inst_0': 'for base year, after linear extrapolation 8Pagenkopfetal2020', 'conversion_factor_exo_rail_short_pkm': '', 'conversion_factor_sec_elec': '', 'cost_fix_tra': '', 'lifetime': '', 'mileage': 'own calculation based on 8Aryanpur&Glynn2020', 'occupancy_rate': ''};{'capacity_tra_inst_0': '8Pagenkopfetal2020', 'conversion_factor_exo_rail_short_pkm': '8Aryanpur&Glynn2020', 'conversion_factor_sec_elec': '8Aryanpur&Glynn2020', 'cost_fix_tra': '8SCIVerkehr2020', 'lifetime': '8Pagenkopfetal2020', 'mileage': '8Aryanpur&Glynn2020', 'occupancy_rate': '8Wouter&Pablo2019'};{'capacity_tra_inst_0': '', 'conversion_factor_exo_rail_short_pkm': 'unit:BPkm/PJ', 'conversion_factor_sec_elec': 'unit:PJ', 'cost_fix_tra': '', 'lifetime': '', 'mileage': '', 'occupancy_rate': ''}
60;DE;2070;tra_rail_bemu_pass_short_0;1.0;;;;2.68;0;;38000;;30;45538;67;global_scalars.wacc;;;;;;srd_point_draft;{'capacity_tra_inst_0': 'for base year, after linear extrapolation 8Pagenkopfetal2020', 'conversion_factor_exo_rail_short_pkm': '', 'conversion_factor_sec_elec': '', 'cost_fix_tra': '', 'lifetime': '', 'mileage': 'own calculation based on 8Aryanpur&Glynn2020', 'occupancy_rate': ''};{'capacity_tra_inst_0': '8Pagenkopfetal2020', 'conversion_factor_exo_rail_short_pkm': '8Aryanpur&Glynn2020', 'conversion_factor_sec_elec': '8Aryanpur&Glynn2020', 'cost_fix_tra': '8SCIVerkehr2020', 'lifetime': '8Pagenkopfetal2020', 'mileage': '8Aryanpur&Glynn2020', 'occupancy_rate': '8Wouter&Pablo2019'};{'capacity_tra_inst_0': '', 'conversion_factor_exo_rail_short_pkm': 'unit:BPkm/PJ', 'conversion_factor_sec_elec': 'unit:PJ', 'cost_fix_tra': '', 'lifetime': '', 'mileage': '', 'occupancy_rate': ''}
61;DE;2021;tra_rail_oev_pass_short_0;1.0;;;;2.27;10307;;0;;30;69500;67;global_scalars.wacc;;;;;;srd_point_draft;{'capacity_tra_inst_0': 'for base year, after linear extrapolation 8DLR&DIW2023', 'conversion_factor_exo_rail_short_pkm': 'own calculation based on 8DeutscheBahnAG2023', 'conversion_factor_sec_elec': 'own calculation based on 8DeutscheBahnAG2023', 'lifetime': '', 'mileage': 'own calculation based on 8DeutscheBahnAG2023, 8DLR&DIW2023', 'occupancy_rate': 'own calculation based on 8DeutscheBahnAG2023, 8DLR&DIW2023'};{'capacity_tra_inst_0': '8DLR&DIW2023', 'conversion_factor_exo_rail_short_pkm': '8DeutscheBahnAG2023', 'conversion_factor_sec_elec': '8DeutscheBahnAG2023', 'lifetime': '8Aryanpur&Glynn2020', 'mileage': '8DeutscheBahnAG2023, 8DLR&DIW2023', 'occupancy_rate': '8DeutscheBahnAG2023, 8DLR&DIW2023'};{'capacity_tra_inst_0': '', 'conversion_factor_exo_rail_short_pkm': 'unit:BPkm/PJ', 'conversion_factor_sec_elec': 'unit:PJ', 'lifetime': '', 'mileage': '', 'occupancy_rate': ''}
62;DE;2024;tra_rail_oev_pass_short_0;1.0;;;;2.27;9276;;0;;30;69500;67;global_scalars.wacc;;;;;;srd_point_draft;{'capacity_tra_inst_0': 'for base year, after linear extrapolation 8DLR&DIW2023', 'conversion_factor_exo_rail_short_pkm': 'own calculation based on 8DeutscheBahnAG2023', 'conversion_factor_sec_elec': 'own calculation based on 8DeutscheBahnAG2023', 'lifetime': '', 'mileage': 'own calculation based on 8DeutscheBahnAG2023, 8DLR&DIW2023', 'occupancy_rate': 'own calculation based on 8DeutscheBahnAG2023, 8DLR&DIW2023'};{'capacity_tra_inst_0': '8DLR&DIW2023', 'conversion_factor_exo_rail_short_pkm': '8DeutscheBahnAG2023', 'conversion_factor_sec_elec': '8DeutscheBahnAG2023', 'lifetime': '8Aryanpur&Glynn2020', 'mileage': '8DeutscheBahnAG2023, 8DLR&DIW2023', 'occupancy_rate': '8DeutscheBahnAG2023, 8DLR&DIW2023'};{'capacity_tra_inst_0': '', 'conversion_factor_exo_rail_short_pkm': 'unit:BPkm/PJ', 'conversion_factor_sec_elec': 'unit:PJ', 'lifetime': '', 'mileage': '', 'occupancy_rate': ''}
63;DE;2027;tra_rail_oev_pass_short_0;1.0;;;;2.27;8245;;0;;30;69500;67;global_scalars.wacc;;;;;;srd_point_draft;{'capacity_tra_inst_0': 'for base year, after linear extrapolation 8DLR&DIW2023', 'conversion_factor_exo_rail_short_pkm': 'own calculation based on 8DeutscheBahnAG2023', 'conversion_factor_sec_elec': 'own calculation based on 8DeutscheBahnAG2023', 'lifetime': '', 'mileage': 'own calculation based on 8DeutscheBahnAG2023, 8DLR&DIW2023', 'occupancy_rate': 'own calculation based on 8DeutscheBahnAG2023, 8DLR&DIW2023'};{'capacity_tra_inst_0': '8DLR&DIW2023', 'conversion_factor_exo_rail_short_pkm': '8DeutscheBahnAG2023', 'conversion_factor_sec_elec': '8DeutscheBahnAG2023', 'lifetime': '8Aryanpur&Glynn2020', 'mileage': '8DeutscheBahnAG2023, 8DLR&DIW2023', 'occupancy_rate': '8DeutscheBahnAG2023, 8DLR&DIW2023'};{'capacity_tra_inst_0': '', 'conversion_factor_exo_rail_short_pkm': 'unit:BPkm/PJ', 'conversion_factor_sec_elec': 'unit:PJ', 'lifetime': '', 'mileage': '', 'occupancy_rate': ''}
64;DE;2030;tra_rail_oev_pass_short_0;1.0;;;;2.27;7214;;0;;30;69500;67;global_scalars.wacc;;;;;;srd_point_draft;{'capacity_tra_inst_0': 'for base year, after linear extrapolation 8DLR&DIW2023', 'conversion_factor_exo_rail_short_pkm': 'own calculation based on 8DeutscheBahnAG2023', 'conversion_factor_sec_elec': 'own calculation based on 8DeutscheBahnAG2023', 'lifetime': '', 'mileage': 'own calculation based on 8DeutscheBahnAG2023, 8DLR&DIW2023', 'occupancy_rate': 'own calculation based on 8DeutscheBahnAG2023, 8DLR&DIW2023'};{'capacity_tra_inst_0': '8DLR&DIW2023', 'conversion_factor_exo_rail_short_pkm': '8DeutscheBahnAG2023', 'conversion_factor_sec_elec': '8DeutscheBahnAG2023', 'lifetime': '8Aryanpur&Glynn2020', 'mileage': '8DeutscheBahnAG2023, 8DLR&DIW2023', 'occupancy_rate': '8DeutscheBahnAG2023, 8DLR&DIW2023'};{'capacity_tra_inst_0': '', 'conversion_factor_exo_rail_short_pkm': 'unit:BPkm/PJ', 'conversion_factor_sec_elec': 'unit:PJ', 'lifetime': '', 'mileage': '', 'occupancy_rate': ''}
65;DE;2035;tra_rail_oev_pass_short_0;1.0;;;;2.27;5496;;0;;30;69500;67;global_scalars.wacc;;;;;;srd_point_draft;{'capacity_tra_inst_0': 'for base year, after linear extrapolation 8DLR&DIW2023', 'conversion_factor_exo_rail_short_pkm': 'own calculation based on 8DeutscheBahnAG2023', 'conversion_factor_sec_elec': 'own calculation based on 8DeutscheBahnAG2023', 'lifetime': '', 'mileage': 'own calculation based on 8DeutscheBahnAG2023, 8DLR&DIW2023', 'occupancy_rate': 'own calculation based on 8DeutscheBahnAG2023, 8DLR&DIW2023'};{'capacity_tra_inst_0': '8DLR&DIW2023', 'conversion_factor_exo_rail_short_pkm': '8DeutscheBahnAG2023', 'conversion_factor_sec_elec': '8DeutscheBahnAG2023', 'lifetime': '8Aryanpur&Glynn2020', 'mileage': '8DeutscheBahnAG2023, 8DLR&DIW2023', 'occupancy_rate': '8DeutscheBahnAG2023, 8DLR&DIW2023'};{'capacity_tra_inst_0': '', 'conversion_factor_exo_rail_short_pkm': 'unit:BPkm/PJ', 'conversion_factor_sec_elec': 'unit:PJ', 'lifetime': '', 'mileage': '', 'occupancy_rate': ''}
66;DE;2040;tra_rail_oev_pass_short_0;1.0;;;;2.27;3778;;0;;30;69500;67;global_scalars.wacc;;;;;;srd_point_draft;{'capacity_tra_inst_0': 'for base year, after linear extrapolation 8DLR&DIW2023', 'conversion_factor_exo_rail_short_pkm': 'own calculation based on 8DeutscheBahnAG2023', 'conversion_factor_sec_elec': 'own calculation based on 8DeutscheBahnAG2023', 'lifetime': '', 'mileage': 'own calculation based on 8DeutscheBahnAG2023, 8DLR&DIW2023', 'occupancy_rate': 'own calculation based on 8DeutscheBahnAG2023, 8DLR&DIW2023'};{'capacity_tra_inst_0': '8DLR&DIW2023', 'conversion_factor_exo_rail_short_pkm': '8DeutscheBahnAG2023', 'conversion_factor_sec_elec': '8DeutscheBahnAG2023', 'lifetime': '8Aryanpur&Glynn2020', 'mileage': '8DeutscheBahnAG2023, 8DLR&DIW2023', 'occupancy_rate': '8DeutscheBahnAG2023, 8DLR&DIW2023'};{'capacity_tra_inst_0': '', 'conversion_factor_exo_rail_short_pkm': 'unit:BPkm/PJ', 'conversion_factor_sec_elec': 'unit:PJ', 'lifetime': '', 'mileage': '', 'occupancy_rate': ''}
67;DE;2045;tra_rail_oev_pass_short_0;1.0;;;;2.27;2060;;0;;30;69500;67;global_scalars.wacc;;;;;;srd_point_draft;{'capacity_tra_inst_0': 'for base year, after linear extrapolation 8DLR&DIW2023', 'conversion_factor_exo_rail_short_pkm': 'own calculation based on 8DeutscheBahnAG2023', 'conversion_factor_sec_elec': 'own calculation based on 8DeutscheBahnAG2023', 'lifetime': '', 'mileage': 'own calculation based on 8DeutscheBahnAG2023, 8DLR&DIW2023', 'occupancy_rate': 'own calculation based on 8DeutscheBahnAG2023, 8DLR&DIW2023'};{'capacity_tra_inst_0': '8DLR&DIW2023', 'conversion_factor_exo_rail_short_pkm': '8DeutscheBahnAG2023', 'conversion_factor_sec_elec': '8DeutscheBahnAG2023', 'lifetime': '8Aryanpur&Glynn2020', 'mileage': '8DeutscheBahnAG2023, 8DLR&DIW2023', 'occupancy_rate': '8DeutscheBahnAG2023, 8DLR&DIW2023'};{'capacity_tra_inst_0': '', 'conversion_factor_exo_rail_short_pkm': 'unit:BPkm/PJ', 'conversion_factor_sec_elec': 'unit:PJ', 'lifetime': '', 'mileage': '', 'occupancy_rate': ''}
68;DE;2050;tra_rail_oev_pass_short_0;1.0;;;;2.27;342;;0;;30;69500;67;global_scalars.wacc;;;;;;srd_point_draft;{'capacity_tra_inst_0': 'for base year, after linear extrapolation 8DLR&DIW2023', 'conversion_factor_exo_rail_short_pkm': 'own calculation based on 8DeutscheBahnAG2023', 'conversion_factor_sec_elec': 'own calculation based on 8DeutscheBahnAG2023', 'lifetime': '', 'mileage': 'own calculation based on 8DeutscheBahnAG2023, 8DLR&DIW2023', 'occupancy_rate': 'own calculation based on 8DeutscheBahnAG2023, 8DLR&DIW2023'};{'capacity_tra_inst_0': '8DLR&DIW2023', 'conversion_factor_exo_rail_short_pkm': '8DeutscheBahnAG2023', 'conversion_factor_sec_elec': '8DeutscheBahnAG2023', 'lifetime': '8Aryanpur&Glynn2020', 'mileage': '8DeutscheBahnAG2023, 8DLR&DIW2023', 'occupancy_rate': '8DeutscheBahnAG2023, 8DLR&DIW2023'};{'capacity_tra_inst_0': '', 'conversion_factor_exo_rail_short_pkm': 'unit:BPkm/PJ', 'conversion_factor_sec_elec': 'unit:PJ', 'lifetime': '', 'mileage': '', 'occupancy_rate': ''}
69;DE;2060;tra_rail_oev_pass_short_0;1.0;;;;2.27;0;;0;;30;69500;67;global_scalars.wacc;;;;;;srd_point_draft;{'capacity_tra_inst_0': 'for base year, after linear extrapolation 8DLR&DIW2023', 'conversion_factor_exo_rail_short_pkm': 'own calculation based on 8DeutscheBahnAG2023', 'conversion_factor_sec_elec': 'own calculation based on 8DeutscheBahnAG2023', 'lifetime': '', 'mileage': 'own calculation based on 8DeutscheBahnAG2023, 8DLR&DIW2023', 'occupancy_rate': 'own calculation based on 8DeutscheBahnAG2023, 8DLR&DIW2023'};{'capacity_tra_inst_0': '8DLR&DIW2023', 'conversion_factor_exo_rail_short_pkm': '8DeutscheBahnAG2023', 'conversion_factor_sec_elec': '8DeutscheBahnAG2023', 'lifetime': '8Aryanpur&Glynn2020', 'mileage': '8DeutscheBahnAG2023, 8DLR&DIW2023', 'occupancy_rate': '8DeutscheBahnAG2023, 8DLR&DIW2023'};{'capacity_tra_inst_0': '', 'conversion_factor_exo_rail_short_pkm': 'unit:BPkm/PJ', 'conversion_factor_sec_elec': 'unit:PJ', 'lifetime': '', 'mileage': '', 'occupancy_rate': ''}
70;DE;2070;tra_rail_oev_pass_short_0;1.0;;;;2.27;0;;0;;30;69500;67;global_scalars.wacc;;;;;;srd_point_draft;{'capacity_tra_inst_0': 'for base year, after linear extrapolation 8DLR&DIW2023', 'conversion_factor_exo_rail_short_pkm': 'own calculation based on 8DeutscheBahnAG2023', 'conversion_factor_sec_elec': 'own calculation based on 8DeutscheBahnAG2023', 'lifetime': '', 'mileage': 'own calculation based on 8DeutscheBahnAG2023, 8DLR&DIW2023', 'occupancy_rate': 'own calculation based on 8DeutscheBahnAG2023, 8DLR&DIW2023'};{'capacity_tra_inst_0': '8DLR&DIW2023', 'conversion_factor_exo_rail_short_pkm': '8DeutscheBahnAG2023', 'conversion_factor_sec_elec': '8DeutscheBahnAG2023', 'lifetime': '8Aryanpur&Glynn2020', 'mileage': '8DeutscheBahnAG2023, 8DLR&DIW2023', 'occupancy_rate': '8DeutscheBahnAG2023, 8DLR&DIW2023'};{'capacity_tra_inst_0': '', 'conversion_factor_exo_rail_short_pkm': 'unit:BPkm/PJ', 'conversion_factor_sec_elec': 'unit:PJ', 'lifetime': '', 'mileage': '', 'occupancy_rate': ''}
71;DE;2021;tra_rail_ice_pass_short_diesel_0;;1.0;;;1.46;2400;;0;;30;65055;67;global_scalars.wacc;global_emission_factors.diesel_fuel;;0.87;0.56;;srd_point_draft;{'capacity_tra_inst_0': 'for base year, after linear extrapolation 8DeutscheBahnAG2023, 8SCIVerkehr2020', 'conversion_factor_exo_rail_short_pkm': 'adapted from  8Wouter&Pablo2019', 'conversion_factor_sec_diesel': 'adapted from 8Wouter&Pablo2019', 'ef_sec_diesel_emi_ch4_f_tra': '', 'ef_sec_diesel_emi_co2_f_tra': '', 'ef_sec_diesel_emi_n2o_f_tra': '', 'lifetime': '', 'mileage': 'own calculation based on 8DeutscheBahnAG2023', 'occupancy_rate': 'own calculation based on 8DeutscheBahnAG2023'};{'capacity_tra_inst_0': '8DeutscheBahnAG2023, 8SCIVerkehr2020', 'conversion_factor_exo_rail_short_pkm': ' 8Wouter&Pablo2019', 'conversion_factor_sec_diesel': '8Wouter&Pablo2019', 'ef_sec_diesel_emi_ch4_f_tra': '8UNFCCC2021', 'ef_sec_diesel_emi_co2_f_tra': '8UNFCCC2021', 'ef_sec_diesel_emi_n2o_f_tra': '8UNFCCC2021', 'lifetime': '8Pagenkopfetal2020', 'mileage': '8DeutscheBahnAG2023', 'occupancy_rate': '8DeutscheBahnAG2023'};{'capacity_tra_inst_0': '', 'conversion_factor_exo_rail_short_pkm': 'unit:BPkm/PJ', 'conversion_factor_sec_diesel': 'unit:PJ', 'ef_sec_diesel_emi_ch4_f_tra': 'unit:t/PJ', 'ef_sec_diesel_emi_co2_f_tra': 'unit:t/PJ', 'ef_sec_diesel_emi_n2o_f_tra': 'unit:t/PJ', 'lifetime': '', 'mileage': '', 'occupancy_rate': ''}
72;DE;2024;tra_rail_ice_pass_short_diesel_0;;1.0;;;1.46;2160;;0;;30;65055;67;global_scalars.wacc;global_emission_factors.diesel_fuel;;0.87;0.56;;srd_point_draft;{'capacity_tra_inst_0': 'for base year, after linear extrapolation 8DeutscheBahnAG2023, 8SCIVerkehr2020', 'conversion_factor_exo_rail_short_pkm': 'adapted from  8Wouter&Pablo2019', 'conversion_factor_sec_diesel': 'adapted from 8Wouter&Pablo2019', 'ef_sec_diesel_emi_ch4_f_tra': '', 'ef_sec_diesel_emi_co2_f_tra': '', 'ef_sec_diesel_emi_n2o_f_tra': '', 'lifetime': '', 'mileage': 'own calculation based on 8DeutscheBahnAG2023', 'occupancy_rate': 'own calculation based on 8DeutscheBahnAG2023'};{'capacity_tra_inst_0': '8DeutscheBahnAG2023, 8SCIVerkehr2020', 'conversion_factor_exo_rail_short_pkm': ' 8Wouter&Pablo2019', 'conversion_factor_sec_diesel': '8Wouter&Pablo2019', 'ef_sec_diesel_emi_ch4_f_tra': '8UNFCCC2021', 'ef_sec_diesel_emi_co2_f_tra': '8UNFCCC2021', 'ef_sec_diesel_emi_n2o_f_tra': '8UNFCCC2021', 'lifetime': '8Pagenkopfetal2020', 'mileage': '8DeutscheBahnAG2023', 'occupancy_rate': '8DeutscheBahnAG2023'};{'capacity_tra_inst_0': '', 'conversion_factor_exo_rail_short_pkm': 'unit:BPkm/PJ', 'conversion_factor_sec_diesel': 'unit:PJ', 'ef_sec_diesel_emi_ch4_f_tra': 'unit:t/PJ', 'ef_sec_diesel_emi_co2_f_tra': 'unit:t/PJ', 'ef_sec_diesel_emi_n2o_f_tra': 'unit:t/PJ', 'lifetime': '', 'mileage': '', 'occupancy_rate': ''}
73;DE;2027;tra_rail_ice_pass_short_diesel_0;;1.0;;;1.46;1920;;0;;30;65055;67;global_scalars.wacc;global_emission_factors.diesel_fuel;;0.87;0.56;;srd_point_draft;{'capacity_tra_inst_0': 'for base year, after linear extrapolation 8DeutscheBahnAG2023, 8SCIVerkehr2020', 'conversion_factor_exo_rail_short_pkm': 'adapted from  8Wouter&Pablo2019', 'conversion_factor_sec_diesel': 'adapted from 8Wouter&Pablo2019', 'ef_sec_diesel_emi_ch4_f_tra': '', 'ef_sec_diesel_emi_co2_f_tra': '', 'ef_sec_diesel_emi_n2o_f_tra': '', 'lifetime': '', 'mileage': 'own calculation based on 8DeutscheBahnAG2023', 'occupancy_rate': 'own calculation based on 8DeutscheBahnAG2023'};{'capacity_tra_inst_0': '8DeutscheBahnAG2023, 8SCIVerkehr2020', 'conversion_factor_exo_rail_short_pkm': ' 8Wouter&Pablo2019', 'conversion_factor_sec_diesel': '8Wouter&Pablo2019', 'ef_sec_diesel_emi_ch4_f_tra': '8UNFCCC2021', 'ef_sec_diesel_emi_co2_f_tra': '8UNFCCC2021', 'ef_sec_diesel_emi_n2o_f_tra': '8UNFCCC2021', 'lifetime': '8Pagenkopfetal2020', 'mileage': '8DeutscheBahnAG2023', 'occupancy_rate': '8DeutscheBahnAG2023'};{'capacity_tra_inst_0': '', 'conversion_factor_exo_rail_short_pkm': 'unit:BPkm/PJ', 'conversion_factor_sec_diesel': 'unit:PJ', 'ef_sec_diesel_emi_ch4_f_tra': 'unit:t/PJ', 'ef_sec_diesel_emi_co2_f_tra': 'unit:t/PJ', 'ef_sec_diesel_emi_n2o_f_tra': 'unit:t/PJ', 'lifetime': '', 'mileage': '', 'occupancy_rate': ''}
74;DE;2030;tra_rail_ice_pass_short_diesel_0;;1.0;;;1.46;1680;;0;;30;65055;67;global_scalars.wacc;global_emission_factors.diesel_fuel;;0.87;0.56;;srd_point_draft;{'capacity_tra_inst_0': 'for base year, after linear extrapolation 8DeutscheBahnAG2023, 8SCIVerkehr2020', 'conversion_factor_exo_rail_short_pkm': 'adapted from  8Wouter&Pablo2019', 'conversion_factor_sec_diesel': 'adapted from 8Wouter&Pablo2019', 'ef_sec_diesel_emi_ch4_f_tra': '', 'ef_sec_diesel_emi_co2_f_tra': '', 'ef_sec_diesel_emi_n2o_f_tra': '', 'lifetime': '', 'mileage': 'own calculation based on 8DeutscheBahnAG2023', 'occupancy_rate': 'own calculation based on 8DeutscheBahnAG2023'};{'capacity_tra_inst_0': '8DeutscheBahnAG2023, 8SCIVerkehr2020', 'conversion_factor_exo_rail_short_pkm': ' 8Wouter&Pablo2019', 'conversion_factor_sec_diesel': '8Wouter&Pablo2019', 'ef_sec_diesel_emi_ch4_f_tra': '8UNFCCC2021', 'ef_sec_diesel_emi_co2_f_tra': '8UNFCCC2021', 'ef_sec_diesel_emi_n2o_f_tra': '8UNFCCC2021', 'lifetime': '8Pagenkopfetal2020', 'mileage': '8DeutscheBahnAG2023', 'occupancy_rate': '8DeutscheBahnAG2023'};{'capacity_tra_inst_0': '', 'conversion_factor_exo_rail_short_pkm': 'unit:BPkm/PJ', 'conversion_factor_sec_diesel': 'unit:PJ', 'ef_sec_diesel_emi_ch4_f_tra': 'unit:t/PJ', 'ef_sec_diesel_emi_co2_f_tra': 'unit:t/PJ', 'ef_sec_diesel_emi_n2o_f_tra': 'unit:t/PJ', 'lifetime': '', 'mileage': '', 'occupancy_rate': ''}
75;DE;2035;tra_rail_ice_pass_short_diesel_0;;1.0;;;1.46;1280;;0;;30;65055;67;global_scalars.wacc;global_emission_factors.diesel_fuel;;0.87;0.56;;srd_point_draft;{'capacity_tra_inst_0': 'for base year, after linear extrapolation 8DeutscheBahnAG2023, 8SCIVerkehr2020', 'conversion_factor_exo_rail_short_pkm': 'adapted from  8Wouter&Pablo2019', 'conversion_factor_sec_diesel': 'adapted from 8Wouter&Pablo2019', 'ef_sec_diesel_emi_ch4_f_tra': '', 'ef_sec_diesel_emi_co2_f_tra': '', 'ef_sec_diesel_emi_n2o_f_tra': '', 'lifetime': '', 'mileage': 'own calculation based on 8DeutscheBahnAG2023', 'occupancy_rate': 'own calculation based on 8DeutscheBahnAG2023'};{'capacity_tra_inst_0': '8DeutscheBahnAG2023, 8SCIVerkehr2020', 'conversion_factor_exo_rail_short_pkm': ' 8Wouter&Pablo2019', 'conversion_factor_sec_diesel': '8Wouter&Pablo2019', 'ef_sec_diesel_emi_ch4_f_tra': '8UNFCCC2021', 'ef_sec_diesel_emi_co2_f_tra': '8UNFCCC2021', 'ef_sec_diesel_emi_n2o_f_tra': '8UNFCCC2021', 'lifetime': '8Pagenkopfetal2020', 'mileage': '8DeutscheBahnAG2023', 'occupancy_rate': '8DeutscheBahnAG2023'};{'capacity_tra_inst_0': '', 'conversion_factor_exo_rail_short_pkm': 'unit:BPkm/PJ', 'conversion_factor_sec_diesel': 'unit:PJ', 'ef_sec_diesel_emi_ch4_f_tra': 'unit:t/PJ', 'ef_sec_diesel_emi_co2_f_tra': 'unit:t/PJ', 'ef_sec_diesel_emi_n2o_f_tra': 'unit:t/PJ', 'lifetime': '', 'mileage': '', 'occupancy_rate': ''}
76;DE;2040;tra_rail_ice_pass_short_diesel_0;;1.0;;;1.46;880;;0;;30;65055;67;global_scalars.wacc;global_emission_factors.diesel_fuel;;0.87;0.56;;srd_point_draft;{'capacity_tra_inst_0': 'for base year, after linear extrapolation 8DeutscheBahnAG2023, 8SCIVerkehr2020', 'conversion_factor_exo_rail_short_pkm': 'adapted from  8Wouter&Pablo2019', 'conversion_factor_sec_diesel': 'adapted from 8Wouter&Pablo2019', 'ef_sec_diesel_emi_ch4_f_tra': '', 'ef_sec_diesel_emi_co2_f_tra': '', 'ef_sec_diesel_emi_n2o_f_tra': '', 'lifetime': '', 'mileage': 'own calculation based on 8DeutscheBahnAG2023', 'occupancy_rate': 'own calculation based on 8DeutscheBahnAG2023'};{'capacity_tra_inst_0': '8DeutscheBahnAG2023, 8SCIVerkehr2020', 'conversion_factor_exo_rail_short_pkm': ' 8Wouter&Pablo2019', 'conversion_factor_sec_diesel': '8Wouter&Pablo2019', 'ef_sec_diesel_emi_ch4_f_tra': '8UNFCCC2021', 'ef_sec_diesel_emi_co2_f_tra': '8UNFCCC2021', 'ef_sec_diesel_emi_n2o_f_tra': '8UNFCCC2021', 'lifetime': '8Pagenkopfetal2020', 'mileage': '8DeutscheBahnAG2023', 'occupancy_rate': '8DeutscheBahnAG2023'};{'capacity_tra_inst_0': '', 'conversion_factor_exo_rail_short_pkm': 'unit:BPkm/PJ', 'conversion_factor_sec_diesel': 'unit:PJ', 'ef_sec_diesel_emi_ch4_f_tra': 'unit:t/PJ', 'ef_sec_diesel_emi_co2_f_tra': 'unit:t/PJ', 'ef_sec_diesel_emi_n2o_f_tra': 'unit:t/PJ', 'lifetime': '', 'mileage': '', 'occupancy_rate': ''}
77;DE;2045;tra_rail_ice_pass_short_diesel_0;;1.0;;;1.46;480;;0;;30;65055;67;global_scalars.wacc;global_emission_factors.diesel_fuel;;0.87;0.56;;srd_point_draft;{'capacity_tra_inst_0': 'for base year, after linear extrapolation 8DeutscheBahnAG2023, 8SCIVerkehr2020', 'conversion_factor_exo_rail_short_pkm': 'adapted from  8Wouter&Pablo2019', 'conversion_factor_sec_diesel': 'adapted from 8Wouter&Pablo2019', 'ef_sec_diesel_emi_ch4_f_tra': '', 'ef_sec_diesel_emi_co2_f_tra': '', 'ef_sec_diesel_emi_n2o_f_tra': '', 'lifetime': '', 'mileage': 'own calculation based on 8DeutscheBahnAG2023', 'occupancy_rate': 'own calculation based on 8DeutscheBahnAG2023'};{'capacity_tra_inst_0': '8DeutscheBahnAG2023, 8SCIVerkehr2020', 'conversion_factor_exo_rail_short_pkm': ' 8Wouter&Pablo2019', 'conversion_factor_sec_diesel': '8Wouter&Pablo2019', 'ef_sec_diesel_emi_ch4_f_tra': '8UNFCCC2021', 'ef_sec_diesel_emi_co2_f_tra': '8UNFCCC2021', 'ef_sec_diesel_emi_n2o_f_tra': '8UNFCCC2021', 'lifetime': '8Pagenkopfetal2020', 'mileage': '8DeutscheBahnAG2023', 'occupancy_rate': '8DeutscheBahnAG2023'};{'capacity_tra_inst_0': '', 'conversion_factor_exo_rail_short_pkm': 'unit:BPkm/PJ', 'conversion_factor_sec_diesel': 'unit:PJ', 'ef_sec_diesel_emi_ch4_f_tra': 'unit:t/PJ', 'ef_sec_diesel_emi_co2_f_tra': 'unit:t/PJ', 'ef_sec_diesel_emi_n2o_f_tra': 'unit:t/PJ', 'lifetime': '', 'mileage': '', 'occupancy_rate': ''}
78;DE;2050;tra_rail_ice_pass_short_diesel_0;;1.0;;;1.46;80;;0;;30;65055;67;global_scalars.wacc;global_emission_factors.diesel_fuel;;0.87;0.56;;srd_point_draft;{'capacity_tra_inst_0': 'for base year, after linear extrapolation 8DeutscheBahnAG2023, 8SCIVerkehr2020', 'conversion_factor_exo_rail_short_pkm': 'adapted from  8Wouter&Pablo2019', 'conversion_factor_sec_diesel': 'adapted from 8Wouter&Pablo2019', 'ef_sec_diesel_emi_ch4_f_tra': '', 'ef_sec_diesel_emi_co2_f_tra': '', 'ef_sec_diesel_emi_n2o_f_tra': '', 'lifetime': '', 'mileage': 'own calculation based on 8DeutscheBahnAG2023', 'occupancy_rate': 'own calculation based on 8DeutscheBahnAG2023'};{'capacity_tra_inst_0': '8DeutscheBahnAG2023, 8SCIVerkehr2020', 'conversion_factor_exo_rail_short_pkm': ' 8Wouter&Pablo2019', 'conversion_factor_sec_diesel': '8Wouter&Pablo2019', 'ef_sec_diesel_emi_ch4_f_tra': '8UNFCCC2021', 'ef_sec_diesel_emi_co2_f_tra': '8UNFCCC2021', 'ef_sec_diesel_emi_n2o_f_tra': '8UNFCCC2021', 'lifetime': '8Pagenkopfetal2020', 'mileage': '8DeutscheBahnAG2023', 'occupancy_rate': '8DeutscheBahnAG2023'};{'capacity_tra_inst_0': '', 'conversion_factor_exo_rail_short_pkm': 'unit:BPkm/PJ', 'conversion_factor_sec_diesel': 'unit:PJ', 'ef_sec_diesel_emi_ch4_f_tra': 'unit:t/PJ', 'ef_sec_diesel_emi_co2_f_tra': 'unit:t/PJ', 'ef_sec_diesel_emi_n2o_f_tra': 'unit:t/PJ', 'lifetime': '', 'mileage': '', 'occupancy_rate': ''}
79;DE;2060;tra_rail_ice_pass_short_diesel_0;;1.0;;;1.46;0;;0;;30;65055;67;global_scalars.wacc;global_emission_factors.diesel_fuel;;0.87;0.56;;srd_point_draft;{'capacity_tra_inst_0': 'for base year, after linear extrapolation 8DeutscheBahnAG2023, 8SCIVerkehr2020', 'conversion_factor_exo_rail_short_pkm': 'adapted from  8Wouter&Pablo2019', 'conversion_factor_sec_diesel': 'adapted from 8Wouter&Pablo2019', 'ef_sec_diesel_emi_ch4_f_tra': '', 'ef_sec_diesel_emi_co2_f_tra': '', 'ef_sec_diesel_emi_n2o_f_tra': '', 'lifetime': '', 'mileage': 'own calculation based on 8DeutscheBahnAG2023', 'occupancy_rate': 'own calculation based on 8DeutscheBahnAG2023'};{'capacity_tra_inst_0': '8DeutscheBahnAG2023, 8SCIVerkehr2020', 'conversion_factor_exo_rail_short_pkm': ' 8Wouter&Pablo2019', 'conversion_factor_sec_diesel': '8Wouter&Pablo2019', 'ef_sec_diesel_emi_ch4_f_tra': '8UNFCCC2021', 'ef_sec_diesel_emi_co2_f_tra': '8UNFCCC2021', 'ef_sec_diesel_emi_n2o_f_tra': '8UNFCCC2021', 'lifetime': '8Pagenkopfetal2020', 'mileage': '8DeutscheBahnAG2023', 'occupancy_rate': '8DeutscheBahnAG2023'};{'capacity_tra_inst_0': '', 'conversion_factor_exo_rail_short_pkm': 'unit:BPkm/PJ', 'conversion_factor_sec_diesel': 'unit:PJ', 'ef_sec_diesel_emi_ch4_f_tra': 'unit:t/PJ', 'ef_sec_diesel_emi_co2_f_tra': 'unit:t/PJ', 'ef_sec_diesel_emi_n2o_f_tra': 'unit:t/PJ', 'lifetime': '', 'mileage': '', 'occupancy_rate': ''}
80;DE;2070;tra_rail_ice_pass_short_diesel_0;;1.0;;;1.46;0;;0;;30;65055;67;global_scalars.wacc;global_emission_factors.diesel_fuel;;0.87;0.56;;srd_point_draft;{'capacity_tra_inst_0': 'for base year, after linear extrapolation 8DeutscheBahnAG2023, 8SCIVerkehr2020', 'conversion_factor_exo_rail_short_pkm': 'adapted from  8Wouter&Pablo2019', 'conversion_factor_sec_diesel': 'adapted from 8Wouter&Pablo2019', 'ef_sec_diesel_emi_ch4_f_tra': '', 'ef_sec_diesel_emi_co2_f_tra': '', 'ef_sec_diesel_emi_n2o_f_tra': '', 'lifetime': '', 'mileage': 'own calculation based on 8DeutscheBahnAG2023', 'occupancy_rate': 'own calculation based on 8DeutscheBahnAG2023'};{'capacity_tra_inst_0': '8DeutscheBahnAG2023, 8SCIVerkehr2020', 'conversion_factor_exo_rail_short_pkm': ' 8Wouter&Pablo2019', 'conversion_factor_sec_diesel': '8Wouter&Pablo2019', 'ef_sec_diesel_emi_ch4_f_tra': '8UNFCCC2021', 'ef_sec_diesel_emi_co2_f_tra': '8UNFCCC2021', 'ef_sec_diesel_emi_n2o_f_tra': '8UNFCCC2021', 'lifetime': '8Pagenkopfetal2020', 'mileage': '8DeutscheBahnAG2023', 'occupancy_rate': '8DeutscheBahnAG2023'};{'capacity_tra_inst_0': '', 'conversion_factor_exo_rail_short_pkm': 'unit:BPkm/PJ', 'conversion_factor_sec_diesel': 'unit:PJ', 'ef_sec_diesel_emi_ch4_f_tra': 'unit:t/PJ', 'ef_sec_diesel_emi_co2_f_tra': 'unit:t/PJ', 'ef_sec_diesel_emi_n2o_f_tra': 'unit:t/PJ', 'lifetime': '', 'mileage': '', 'occupancy_rate': ''}
